X0,X1,X2,X3,X4,X5,X6,X7,X8,X9
0.08704706823817122,0.23561455810856594,-1.556581898659751,0.2018211081369234,-0.15315559429706346,0.43533582162478895,2.494848846862644,-0.896577132628759,1.143078495152514,1.7634839715718782
-0.29900735046586746,0.7708651938869668,-0.4281151609659125,-1.6123446888200341,-0.46720059673629033,-0.2655576206754697,1.2518406001919207,-0.23044828966084902,-0.3220515580442973,-0.7363770796727016
0.0917607765355023,-1.4785862457798415,1.5007597906343109,1.982985469612115,0.617256090525324,0.22296678869438524,-3.216609308056473,0.47267791260599845,-0.6143415304122314,-1.230980473672902
-1.9875689146008928,1.143754043206929,0.8502217421134929,-1.7470289461386044,-3.2742229337755933,-2.521547651267652,1.4751039490321958,2.9390439115640556,-1.3395165880139,1.2209881449514686
-0.21967188783751193,0.3384964074944141,-0.3486521344078592,0.02760235740041317,-1.4597521069761874,-0.5732017598145362,0.319812246970664,1.2775972854186777,-0.5239343925499335,1.228527772817182
0.3571125715117464,-0.4152879139008013,-0.3492577043184288,0.16283381301301358,0.21256419534333398,-0.18612901934520287,1.0168733117635125,0.5544222703785058,0.031933546857274855,1.1920437081723942
1.477894044741516,0.6327818661062848,-0.3216350512173826,-0.9911861995523349,1.080618352744712,2.7330260171991325,-3.122173697970919,-2.4539963506538935,2.7174896825409096,-0.8772858316196954
-0.5182702182736474,2.270692857804396,2.076747983560841,-3.4530600286239985,-1.1946472110876534,-0.4665226654048096,-3.2568034272194444,-0.38231496224507544,-1.176891193614266,-1.9732091481121943
-0.8084936028931876,0.18186625505849516,0.38193545223155334,0.05281482884701022,-1.0725835974223472,-1.3859222699065814,0.6363305260112565,2.426080898563983,-0.842792248308539,0.5302139691686166
-0.5017570435845365,0.24822058630033608,0.43004164719106963,-0.3126881886577795,-0.8652951368297016,-0.17131690901884755,-0.5151505313737287,0.772539957347928,-0.48331857851797266,0.5728035866641454
0.9154021177020741,-0.4593608995402441,1.0302834540318422,0.5584144842887616,1.8923282971226376,1.210263383302541,-3.6821849936540683,-2.0123852078105298,0.6803955909436177,-1.639883815811927
0.32875110965968446,-0.8498443694647918,0.23878915902651351,0.958815569366382,0.6776583591527656,0.24050500425163648,-0.05252792619571267,0.2607908161276467,0.23868213960482837,0.42400383967952904
-0.5297602037670388,0.8303358165442456,-0.2590421458207031,-1.2980298536633041,-0.6033201221227414,-0.5936632772143028,1.6192917918905498,0.8434909628236705,-1.1311930149657905,-0.11229836423928435
0.5132674331133561,-0.8560838259088672,-0.19634984908497827,0.8466187183147212,1.0483959480461893,1.0083045862151354,-0.37641609194268444,-1.3576630423495646,0.4472662848543273,-0.43101824067419187
0.09707754934804039,0.07156623721939247,-0.07160125941406395,-1.5762641484249855,-0.4625260532765382,-0.926091911630158,1.1243291828615978,0.6736244744220674,-0.030795014067541482,0.28783277486559933
0.9686449905328892,-0.4776574467651167,-0.03722223650984159,0.989759641453366,1.7523000749569058,1.2223898249087706,-0.8665311021304816,-1.8702011992519745,1.4246929279576035,-0.9378197506920223
-0.7020530938773524,0.47897982574639186,0.7276295436369798,-0.32164813519677676,-0.949864889879561,-0.9507720913170306,-0.8210946870117268,2.2318183620581706,-0.9141136699824599,0.3580846473086639
-0.3276621465977682,0.3336621052869483,0.05194588580729943,-1.7203744997818833,-0.1057549882359205,0.14796361069004738,0.11430309237401859,-0.3136337835621003,0.2578705670668917,-0.6255675945654517
-0.39210815313215763,1.0375399442578992,0.7326400772155792,-2.1806291265987308,-1.1526626008599252,-0.5494463625646533,-0.05761586401115715,0.946400057948689,-0.6240148656964141,-0.34114693657492945
-1.4635149481321186,-0.510016398854747,-0.08071658010858232,1.133320842926455,-2.4676623652716874,-3.701823612864955,4.6242888755778875,4.4736407394783,-2.134714769801487,1.703668523537933
0.29612027706457605,-0.26987493529337125,0.07863519031609059,1.464631329163614,0.8030724767269868,0.7301969676722835,-1.2936848985251257,-1.2300813442559444,0.42425200353847314,0.02596109016153869
0.26105527217988933,-0.9787637157823074,-1.9982006845321076,1.591229271451606,0.6389700974045356,-0.2227873802817501,4.396845415983027,0.9425506323775639,0.27529117360046373,2.1443530591787727
0.00511345664246089,-0.4442932600761116,0.9163276747024814,0.35359070932674164,-0.38291472587897557,-0.7511646534653706,-1.6091424738718851,0.32204376523866574,-0.20108665816390725,-0.4591852422926448
-0.23458713337514692,0.3773004930448522,0.3464884758979927,-0.7008382510259963,-0.7698604882354414,-0.5843268546595042,0.2245036037356805,0.49828700469436465,-0.8730485464377138,-0.13224538378276193
-1.4153707420504142,0.7569886166453519,0.9980101098596522,-0.5351981894481143,-1.2467846602952941,-2.2996830515734157,0.6326597737465982,2.9535363903552545,-1.1468909812196864,0.4919815370409463
-0.42064532276535904,-0.9221653241776254,-2.8962553781936893,1.1664364650418333,-0.9725217840600018,-1.3852705772399163,6.250791850468017,1.9306573277177734,-1.457165870960164,3.108227135444811
-0.3427145165267695,0.8696059201056602,2.0883747047807275,-1.804124192187563,0.2874844969206857,-1.3819026756619004,-3.193130937756689,1.569404391752209,-0.6278581571204919,-2.5315566045641282
-0.8022772692216189,1.355637858804951,-0.13958962815517376,-2.430905597692913,-1.605198136616653,-0.4579278750793349,0.5319963694940503,0.6170319492415903,-0.53751156621913,0.5807139153738026
-0.16128571166600914,0.41343490322370086,1.1081828167375165,-1.1444161701317708,0.06737464710070656,0.5076385543517552,-2.9200676802707415,-0.39175040657322396,0.08198331358893272,-1.731736909041055
0.4040508568145384,1.876795812558066,-1.0399059271255309,-2.9699374708233672,0.06040911419433859,1.7346991019388953,-0.4404408500270104,-2.08814692486003,0.5109681870309101,0.6765197287061653
1.8861859012105302,-0.773789199103573,0.6127739050625697,2.062110783511004,2.680245589592944,2.4603111320259674,-3.494761099804588,-3.528399987927175,1.6085617494639886,-3.086668563109415
0.17457781283183896,-1.244654703311417,-1.0534155631736561,2.171821047692717,0.11167697377174168,-0.25687247584975254,2.5093568155682893,0.34493935103582063,-0.5404565619600787,2.0947025082143864
0.25755039072276437,-1.7787202489042786,-0.6237689606958051,2.7466909145375236,0.47670036832981894,-0.21219880363113872,1.4030778285617955,1.0675742290015107,-0.37425836124832806,1.5863037375606261
-0.07444591576616721,1.496044311489183,1.9140313538667861,-2.5622143999484037,-0.27778249919472053,0.7251613579173992,-4.963518508652478,-0.6732455362545873,0.15858610723601035,-2.0854340142604517
-1.9187712152990415,0.6543656563540577,-0.19068240076334658,-1.8384821951616583,-2.9023213861888744,-2.7967270775345177,3.7545862868205258,2.8001593241154557,-1.6255069229709767,1.9018631316403454
-0.026513875449216878,-0.05558467091045507,0.21743287317972287,0.531331459037693,0.34624360603113535,-0.43439810410847096,0.8815801359423606,0.775496569116672,-0.19924896000114994,-0.6359944340354295
0.06023020994102644,0.2799686263198203,0.8700677306887542,-0.49110483433090335,-0.22313715308820475,0.25109771718827356,-2.2253336808099724,-1.348902497587223,0.19209319562107857,-0.6479862929791445
2.463242112485286,-1.1254890472983765,0.49568188797260465,1.7275732119494758,3.00810414249538,4.141747604997527,-5.562488292823177,-5.210818588107913,2.5685290710716298,-2.6735703852040205
-0.19236096478112252,2.4457519796168263,0.15041890514357642,-2.353658052170589,-1.0698060639200266,1.2996989243042523,-1.5292864409570686,-0.8999939229092442,0.5547851615924908,-1.5792997658549495
0.30154734233361247,0.1292211819752275,0.3649610024662254,-0.05933278811426235,-0.936158089458144,0.9306445120845643,-1.8942967246554248,-1.681969815016032,1.548162763417997,-0.4788066192157286
-0.03471176970524331,0.10939479460489289,2.403415585238275,-0.5525825383084031,-0.15255753732135513,0.3741899161886389,-5.220296631134262,-0.9405526106000301,-0.462539944433685,-2.54337041491303
-1.168678037619532,0.725766623898692,-0.05761879703358539,-1.385387563283877,-0.3018510434609343,-1.7432860898338893,2.266706887054249,2.538254681934908,-0.48951165144643294,0.8308193352035924
1.1428228145150205,0.4810092317367132,0.2010990467149675,-0.2026704593238542,1.7010537988512464,2.894007351517056,-4.422993257657602,-4.529262364411833,2.0131529144318216,-2.710441998290277
0.7519330326867741,0.22388402427913137,1.050654396007612,-0.3049670054173044,0.8643904926073616,1.6105547026691909,-3.101307955959101,-2.4213723463885115,1.13806344915927,-3.700130697046328
0.7910319470430469,-0.7904744554453119,1.1055259329579838,0.557581453491622,0.9310943545771525,0.6664411598087466,-2.771816207216936,-0.5240963837295548,0.8868502725196976,-1.2429924226434237
-0.9093874547947389,0.4714683571359957,1.1870303055603801,-0.3018690765154463,-1.1493089642819774,-0.7221464651582375,-1.8615871741407997,0.5954497316677989,-0.13335738529820473,-1.2866263283110924
1.4027943109360992,1.8820244964750337,0.6387302220291846,-3.3737896853398706,1.6999204902986764,3.516246061312671,-5.032450414452344,-4.90667125249845,2.5655086300771575,-4.569422635959803
-1.4018510627922809,1.3454200461549777,-1.1430049127304835,-1.2363818341931907,-2.4656869000414847,-2.186207843252219,4.475223184632843,3.1118725286772912,-1.716223264991459,1.3232625373635205
0.5868570938002703,1.593186626639397,1.633431532301096,-2.033182376503138,1.0415050278530626,1.3851458854093448,-5.543769377159157,-1.7257955916073742,0.7202892012490281,-3.0669036227633613
2.1904556258099785,-0.5112156764311852,-1.146345393018688,0.6020197559642878,3.0660332180902063,3.810241754957816,-0.9468880317426046,-4.7522714006283735,3.368641866479048,-1.2767053020470882
-0.9905363251306883,-0.9896048202585809,0.30263546523903323,2.2388504112406435,-0.6954016968402349,-1.8786224434167555,1.3850977720016266,2.4199778030945436,-1.0586507319990792,0.9168403279818066
-0.5662977296027719,-0.12578692009964815,-0.7542758500193579,0.23709021194140759,-0.4449786365306685,-0.9440626559684695,2.6804227805730534,1.4230763684681174,-0.5954853323233341,2.1191292925711296
0.09965136508764122,0.055724912288694604,-0.06413834659299254,0.3363837587850952,0.1220064249373253,0.3516388134657368,0.2230804145275157,-0.49274522236297036,0.6295087017392949,0.19074890131364292
-0.5034756541161992,1.0941915184709485,0.3287624103034804,-1.5248971255291524,-0.42227681863298355,0.3717107407689517,-1.643217790307979,-0.3605625110143027,1.0075655774897898,0.13853256946609083
-1.5506634310661327,-1.6924646297148194,0.32135721545027307,2.3103751432517052,-1.334904615741074,-2.821032248758198,2.538572025965204,3.565183604813997,-2.0316800242314703,1.253285841471938
0.06856297480602733,1.5295503194606137,0.42192075423528475,-2.792200301148004,-0.3077685526510036,0.7850480920826164,-1.8311896884637084,-1.3057049224096806,0.6845102372863243,-1.2433412078523602
-1.0623037137261049,-0.15800789857898942,1.613711269058647,0.7701839929498773,-1.5436581819649242,-1.4563293847879013,-1.273010498620755,1.4436727653749561,-2.1128822478703957,-1.2478039847497593
0.4735924306351816,-0.42688106994742003,0.45353430151397983,0.522081531626593,0.6806056797965285,0.15776261563131544,-2.065524180643275,-0.1843706844067504,-1.344586605571034,-0.8620102672729986
-0.9194242342338032,-1.0121043752601675,-0.24415663529064868,1.4328577458788672,-0.19123626527186321,-1.7945643438992445,2.3065386939035264,2.0178787184213736,-1.1643272870354524,1.1178940220675273
1.5499344050175394,-1.6548566718657693,0.9640871682883573,2.1952503718192315,1.4771519706837095,3.014618344707964,-5.348179198809175,-4.300035220055497,2.117115572282884,-1.7172944496159026
-0.7832532923362371,0.8231705839619146,1.1894704889246406,-1.1177294672776752,-1.7914971540646958,-1.180161952730757,-0.9151162607154473,1.576236642831245,-1.3448683346315318,-0.23147210712791358
-0.3220615162056756,0.07331796718840389,-1.2276078151369925,0.9128442781380651,-0.31556834401767153,-0.962918927048571,3.6803677112492994,1.416956440421542,-0.4122466356515307,2.0753191862919285
0.8135172173696698,-1.2899608997410539,0.597400069849858,1.5496904333187365,1.1847048115312366,0.624622088172677,-2.1125746955740374,-0.3060953118729806,0.3381272374346874,-0.4874272439335702
-1.2308643164339552,-1.295078772063616,0.7011727423108983,2.1038326572001647,-1.2145536511582744,-3.1913456173586354,1.6572215726168564,4.062373071938027,-2.047093548875468,2.4580389558980684
0.22745993460412942,-0.3357846992901282,-0.29756350335999193,1.2484468288254649,0.442636000050271,-0.11731257795885075,0.6929817387742854,0.4447276556586777,-0.0024837120397739818,0.13369689541873814
1.307142754282428,1.669021525289393,1.3757068133116195,-2.735510462548898,1.2293088559881675,2.7345660176121465,-6.02598205379774,-3.4566985876455667,1.4962476278247276,-4.1558694698559
-1.6074832345612275,-0.2595913513636048,-0.15005558703252672,0.6454601488461311,-1.1540932826503583,-3.6263318163727547,4.541824320154806,4.959066215937504,-2.2596125308901063,2.085710275451326
0.1846338585323042,-1.5031429531181062,0.12557645347154225,1.896577243361777,-0.3685664737483287,-0.2268176662999903,-0.15230842691205282,0.01570178007415446,-0.31568901070707467,0.3834161917611099
0.25988279424842353,-0.24574306408594432,-0.1730718242838696,0.6110609899471395,-0.0671117058452782,0.8167314533469114,-1.9890139749204598,-0.938226234554663,0.8065920768881131,0.8978886622954048
0.7818228717773104,-0.2727235697476705,0.015579047581467534,0.34691238194451346,0.9276272939725511,0.8195696944343953,-1.0239317113397122,-0.8533306930056842,0.3840730879309295,-0.7697117284271151
-1.236950710878082,-2.6968866429415717,-1.0962750868952018,4.848692418745466,-1.9346693176560747,-2.419211175107952,4.1662693318605335,3.4783448524351974,-2.0719562962051348,4.010341178413054
-1.3204566130842763,-0.05429486651781221,-1.4400508825942944,0.6813863921356369,-1.670033151740335,-2.0869894209628757,4.163259763517662,1.7048492361281362,-1.4196261122571578,2.703600072755083
0.5219415656168976,-0.23093453020867796,1.5945050632249722,1.6677715281405348,1.4912953709854602,1.3472554191542392,-5.187091785719682,-1.5436053704121757,0.750557076810409,-2.474413843454382
0.29698467323318606,0.6962063648134184,-0.8469613483183278,-0.8346484636392821,0.2708950856524414,0.4524282513246136,1.256974257111036,0.4615742938608143,0.7291224094839871,0.44005726014736946
0.25049285034587654,1.8489560949453452,-0.9913923494563072,-2.8234096568675517,0.15908485567498687,1.5557911528349697,0.9115085997893596,-2.393625879382035,1.275751401843499,-0.6675109492107528
0.3464482094969757,1.1265650295477574,-2.153390113603715,-1.7223588711204454,-0.37009407257076943,0.4825049804786845,3.9020400831035493,-1.1108869486354156,-0.19203732034697318,2.6492484008495656
-0.6800247215784908,-0.26888869055483056,-0.6389617476895022,0.2577075326469339,-1.0893563567475293,-0.8508366079863177,1.8087255596760587,1.305600548170167,-0.8034142349382254,1.310117442965394
0.23225369716100355,-1.1065259087416703,-1.3230897934074983,1.9564271220632736,0.24630933824364248,0.08262143303010186,2.77085749759981,0.18872042047794318,0.6890479079596619,1.841036001619192
0.29307247329868125,2.5733598032498604,1.642015160136369,-4.304015997070707,-0.164877599361644,1.7495901306649768,-5.372986222751403,-1.973417871756527,0.9264608950969583,-2.915925383181498
-0.7143514180263678,0.05921843401448826,1.0098170893426341,-0.011415088730093864,-0.22743244740451662,-1.8220348360914373,-0.39839440761208633,1.7270685080397405,-1.7211777482125887,-1.454859787615699
1.8657745111447566,0.013929291912946203,-0.6881503451777238,0.6363011252623451,2.523080039715857,2.8388375188003736,-2.1331726140439446,-3.2610290097488,2.763179698800932,-1.2112565296018878
0.4738329209117875,-0.024125087110003277,2.2524358053443088,-0.4643060868869624,0.018075254383397188,1.122929312987425,-6.494626934158176,-1.1903901480858479,0.09098556877202923,-3.193434406056295
-1.1913034972026486,0.19808476076785494,0.9817654869915943,0.2500062812023287,-1.3385615331692897,-2.495516311664238,0.4945828357750179,3.174709994525563,-2.8770412350297927,0.704521183463424
0.6565536086338297,-0.14436041192394247,-0.32483138350862245,0.8917186279255171,1.0596560676482547,1.3325144718605693,-0.6785206307009981,-1.490735674980521,1.0109467691330543,-1.0069377488863944
-0.9746816702273214,-0.5736620068802363,-2.499405714873573,0.8675054953929354,-0.5233345443606107,-2.6111268262481877,7.648502771401013,3.9540542205412326,-1.8762102232526179,4.40609543709485
0.787084603742452,-0.5468589412403921,2.2909425725907417,-0.1776781746945384,1.8140866911437366,1.604781008489875,-6.396791715323644,-1.6522990174744552,0.3858488463480698,-3.1069229085379457
1.158595579007404,-0.03275327021599839,-1.389572466763596,-0.2510101447464069,0.8918354121736676,1.4090805896629426,0.8489274364115869,-2.4120515573718215,1.1912808001216784,0.9257304376763782
-0.8206823183517105,-0.543424771133765,-1.6453987469568918,1.5261999106898685,-1.3176568660810144,-1.3693300985193138,4.955343305584902,2.2900654839842725,-0.5358588645023384,3.410121136796067
0.9633761292443218,-0.7128457826771644,1.0225704320096403,1.1399058722865116,0.6304082892091027,1.7417746448377875,-4.480700981005332,-2.204120519055232,1.134992267042578,-1.7115504347801969
0.4127809269364983,0.10643022769189683,2.439752406339273,-0.6715499630667056,0.365089305473962,0.4171423545557424,-4.819236999775793,-0.5509902205267097,0.1274775293201425,-3.3038204854063924
0.82206015999449,-0.2549772174208553,1.3842728185105182,0.15943435557337116,1.2584002436098836,1.641826702157032,-4.9429119393094,-2.0757565673037384,1.923541537113085,-1.8215644119937575
1.8967929826539474,1.5039929885826886,0.5639091200523596,-2.0088369135064355,2.5674605897344667,4.0256041470535635,-5.716583001413813,-5.425408317712901,2.832717188814197,-4.290050404148151
-0.2453881160028705,-2.650969808393012,0.594754341665286,4.555032464641175,0.036273420979885146,-1.6874058688956752,-0.052611493763775496,3.1030892508557697,-1.3154927163650179,0.6444584366449506
-0.7537361643574896,1.0915068519224618,0.8534155587803077,-1.882393493403679,-1.2195415650096004,-1.4236575273676184,-0.4447323579360758,1.6655252921917398,-1.513851457395043,-0.01544855636169995
-0.8895144296255233,1.246085192497629,0.7589285897867651,-2.1960040456390058,-1.1687555216139294,-2.0819560233001413,1.19587174661339,1.9767794042154745,-2.1173654223331786,-0.6853042537050977
-0.8158102849654383,-2.0733902324081495,0.2811914239693758,3.1529194566282097,-1.1105862106244813,-2.03139550703613,1.8596314466380381,2.6555179846234833,-1.890209325059806,1.3769369583896944
-0.0771017094141042,-0.34268759408034877,0.10420110395187607,0.09228054386603252,0.999734321521221,-1.045509960374909,1.441447808762194,1.448297799171286,-1.0230541572511949,-1.0060134987111273
0.3411519748166439,-0.37144086599579146,-0.06259312789952241,1.4076138051320184,-0.3413269149690255,0.50941377186996,-0.1370298040456761,0.05597455589274891,0.6066870891133294,0.21728957017248285
0.27669079933001905,-1.4075116947178212,-0.7539645888666763,2.112156684792166,0.6217463004749242,-0.16887280491368933,1.1587646820541724,0.6704846875106785,1.1218485261991158,1.1698584598927395
0.8271832490360238,-0.7778166875908753,-0.28067507686677406,1.864855739483007,2.116099790063105,1.5048429475194263,-1.1783740066959354,-2.238915502243492,0.8414825202920957,-0.9556200532235789
0.01300189187790702,-1.1105758454658288,-1.6929568141953855,2.554384407949246,0.1739183630770499,-0.541408706197983,3.546743914792887,2.1249207159387193,-0.3906639584338612,3.1245457490789637
1.4535340771573169,1.7522704434236227,-0.09833962679474989,-2.330992294170368,1.4105199495621659,3.0435203308761656,-2.3374335031458267,-3.970521041936056,2.3980718660959424,-2.0804590534034557
-0.2646568332379561,0.9356783931474612,-0.9885911071509175,-1.7270540985868323,-0.6278158212903671,0.24867547461982886,1.0312692206275824,0.19297266555422316,0.4939539147311065,0.9650847649502783
2.720169166589619,1.2715550949941588,-1.103589317215771,-1.8518640444335133,3.0072598629223726,5.424426840951033,-3.0606076832512583,-7.22434695541158,4.550289624348235,-2.754804179501291
0.6256673477650062,0.7216720640432351,0.17989415115347845,-1.1776933144818857,1.3390209385633967,1.5269275171209475,-1.5254315621670913,-1.7923278290790008,1.8328399893653662,-1.4442348080486185
-0.8571575564162826,-1.1290517712172292,1.3920022863445993,1.3717165071323514,-1.9804075334886888,-1.69290738491846,-0.05237273563761624,2.707262808363407,-2.6725730356502995,1.398547534408353
-1.0708924980611123,-0.5245202662797737,0.918316606002313,1.0093490110164938,-0.44937156399652656,-2.846256406640635,1.0182527221137518,4.362671623156574,-3.558805806685533,0.4444827456866255
0.4824724152431853,0.48937456122791806,-1.570500603623177,-1.3799243193139104,-0.19937900412680742,1.4089791648867476,1.9390725542126614,-1.3921659231899461,1.117938957102559,1.085519993077849
-0.2234627853258509,-1.2221278088919454,-0.9896281365703375,2.567737201475051,-0.23192836280123327,-0.5415122806362671,3.661098424845043,1.319509668571959,0.37533541673638526,1.5352189801114298
0.714000494092092,0.7129984301723881,0.9407711879882159,-1.3838950979113032,0.5455268971650452,1.0126249481747984,-3.190457206831594,-1.5659891727425403,-0.16699014892510533,-2.70826158251975
0.47323762457354485,-0.24032539815813503,-0.9824873935383096,0.4887370246717828,0.8975125279168947,0.6207787477687162,0.5379990208890425,-1.0540307190533582,-0.9272710289034231,0.7469870822009277
-0.07282891265687277,-0.3748208075495975,-0.2246331499970246,0.7470289473098221,-0.834472404804874,-0.2872049351899792,-0.187496744545398,0.5910341426143964,0.023750167086982854,1.3318536156627907
-0.846793718068405,0.7109599682034915,0.5500520990245519,-1.2777465513326671,-0.8874961653581583,-1.2918850757108016,0.5987858556541577,2.046582999271664,-0.9408722561214775,0.3140946131359488
-1.5148472246858646,0.44426331148603976,-0.9683444548636353,-0.42419690828300505,-0.8734970510526954,-2.331798566992039,3.355655966944293,2.874613256040112,-2.2816966507857566,1.877204856727785
-0.4465149520670211,-0.3609661658190799,0.1053755061459599,0.3455561105685576,-1.1688040165827511,-0.20388443601607553,-0.22833634099624778,0.8209342241870563,-0.6862473561422227,1.633863533186565
0.8563987943234723,1.159329803364248,-1.3340254949182044,-1.436821801812453,0.9641940409362341,2.4783567905617625,0.19419509799998552,-2.581843975157763,1.660983202636811,-0.4326966898941281
0.21409374413020396,-1.0810633275998973,-0.6013676439512137,1.0730699352919006,0.07750329256436461,-0.6818695331848024,2.067345422734906,0.5003032378383758,-0.36587984410437413,1.6745599253714496
-1.245738778711988,0.6159356069442637,0.31978193414253697,-0.931627405551545,-1.3726718518202259,-1.650553728928716,1.252813625120291,1.6501615361149051,-1.631972267935274,0.518279159574958
0.173180925851182,0.5931012579683838,-1.5929937335316693,0.011527787730824746,0.1353579486291939,1.1897224073415225,1.9398405246759824,-1.6082811371211028,1.4245014958331057,0.7447192975375422
0.3853173797288368,-0.3095464393139903,0.440474737960399,-0.00020735966649765292,0.18629924041670942,0.7558473731574245,-1.0173509607200393,-0.8239027817288341,-0.8587844801594955,-0.31308741011510816
-0.883857436201133,0.326133022242118,-0.019637798926681216,-0.8656203057030897,-0.865604105011189,-0.8875236974444143,0.4299420734640343,0.824056470529799,-1.1570178612118187,0.7689521027938612
0.1537251059455279,-1.251113576385303,0.5524899544171478,2.2776672673606884,1.2617044462241864,0.8109331344755395,-2.309670503422289,-0.2105545196924522,-0.05027625943798841,-0.6585185236912035
0.058208718445999896,0.924027019206901,0.22391413406466143,-1.4026345465075982,-0.15422745207598643,0.9580573283548679,-1.8889429405910958,-1.1271640000436907,0.5446207971440448,-0.7524517233885669
-1.142970297830623,-0.18490213644298903,1.3641404299738442,0.4739563730347528,-0.9903412683379683,-1.9541997776378186,-0.2454850325044795,2.5812670065399286,-1.9684145155477433,-0.29280036984848407
0.3577873603482833,-0.5227230205190395,0.12522450264790727,1.0888601464203609,-0.14301006557246954,0.9572483213442493,-0.815331908873724,-1.8785773962458965,1.1566933697231003,1.0183318477011116
0.5607845263682344,1.0490092258368893,-0.429405541125253,-1.3769274415466826,0.05062114579283589,1.4489931455882836,-0.46980059206444374,-2.6303028344660793,0.27837341778875,0.0264008482832222
1.083051243175277,-0.7043436905427592,0.12229750303228377,1.6924578249060267,1.638289779700842,1.654537481476449,-1.3452308227556413,-1.8790582567442768,1.3376097119104877,-0.8208747028614981
1.053802052034903,-1.4084612963635597,0.5432980290363879,2.4797599796925605,2.207118586788096,1.1534346008067426,-2.7984155282407714,-2.3815820669631282,1.0473254335303401,-1.7049924346047611
-1.377669367957091,-1.5566291735239037,0.04886007032570433,2.3935324764158836,-1.2636818963906107,-2.220321125809191,3.0246441009387177,3.5488691759361037,-0.7388596452050147,2.6381455380224907
-0.9378250399151228,0.6060099513456396,0.04059169120388238,-0.6424991025723267,-1.3700678163433906,-1.832993039406923,2.5979346323574655,2.246133080860065,-1.6091770341822595,1.2180480780710745
0.5150352672086598,-1.280429352496283,-0.7019916878067554,3.0180031526836455,0.7982397499755057,1.1954806639847924,0.48539304991380583,0.2902271720205878,1.2285814818517324,0.9268652587140628
0.5137859509122088,1.7547941819843647,-0.6629009175509482,-2.900540786880117,-0.251364469910075,1.8064550780511368,0.24883953809932113,-1.3893797005744495,0.6707278258125883,-0.3609756991010803
0.5150476863060479,-2.081929407883722,-1.4026052717996935,2.8753257728069976,1.2126328592814746,-0.5685770021805442,2.638209287899425,0.8496118967403948,-1.4741852755614493,1.8537791383753315
3.852731490654721,1.6964563682900382,1.7495767431869393,-2.186460320077269,4.842845490937778,7.590577864744241,-11.643085410192377,-10.027432345854633,6.017997598014918,-9.193570483382674
0.570890510693167,0.2110174672026184,-1.243863235391285,-0.40101160696754545,0.43181543482927864,0.03248724687354576,2.122949760796235,0.42719467469396494,0.19455994062622714,1.1703576187857339
1.135565640180599,-0.09671311187039239,-0.6929051977959073,-0.9301303490099185,1.1455550109771622,2.2737955261854665,-0.6571332491636261,-2.155860821589725,2.4913363735031,-0.5775212699200332
0.9540017634932023,-0.5449190868089497,-0.7184072655691974,1.3038269927745219,1.3574339281300956,1.9175754104023777,-1.120298927308087,-3.2065103815071305,0.8722158528864036,0.36042416096611896
0.651391251305798,0.39913611435207086,0.8949243769444413,-0.9123215301438906,0.510181877298492,0.9978927524112939,-2.4050341361962735,-2.24897594720445,0.9257992906780226,-1.8945533442010958
-0.3152692446403456,-0.037634702424848364,-0.2949496782920278,0.01551836411642843,-0.4073660253638837,-0.5066691824156643,1.7872474492635066,0.34546878976917417,0.6415087546161569,0.05906638293828592
0.7589692204932674,1.1033018820165215,1.2477420726737338,-1.6159878069088032,1.8097207890262086,2.722362203144015,-5.041651555213774,-3.345172667799804,2.1476228948280243,-3.6463271892859415
-0.7728252145375718,0.11422764866203965,-0.6734906242438685,-0.08924286972060344,-1.0698337189921518,-1.5694748719290816,3.1116009468115817,2.2722056205398853,-0.9624957312839313,1.254034187557525
-0.23681860674000887,0.1503017614618776,0.27899416222380197,0.11196875164580067,-0.4852313319610627,-0.8899997383974156,-0.08168180459775165,1.6940853689662374,-0.767270600331462,0.4965275836638753
-0.48536354782910346,-0.36361221221385587,-0.8353470532597573,0.36953846731346285,-0.8573881556327282,-0.24804067033405008,1.4287425118330408,-0.25267526421241693,-0.884636963725982,1.691151218482928
0.08187413938632256,-0.056945623721067457,2.1451491277733883,0.34852758773652087,0.478603843107987,1.1040893556884115,-4.816830243412819,-2.561386034400451,1.242454773837145,-2.6076420186537104
2.3146585666735087,0.3078017688920592,-1.1875984190295128,-0.626913768721518,2.6530475288486426,4.186988527876511,-1.6269983514515889,-5.031564446691444,3.163806296329183,-1.8697808998337462
-1.867265192591748,-1.7101683926566256,0.3098207102270275,3.1315526219794534,-2.334181411445623,-3.4144423173990535,2.9235309395535283,4.225643904251926,-2.4494592276663996,2.730006094845223
0.6862601903745135,-1.348185422105713,0.6337768809320985,2.4851809109894627,1.67482941521695,1.3759420123913828,-2.896498471533117,-2.6119569579462736,0.1700769091857609,-2.287414977298231
-1.6127158711896517,0.743264094022715,0.41379909745149823,-1.6681888368985687,-1.335367446402432,-2.9308246455518794,1.221041421341486,3.744711189948625,-3.011581443541715,1.1164937464338773
-0.47193186578943347,0.17086543812794186,-0.1852876588777083,0.26702085272844295,-0.8921897604868377,-1.0090219993988838,0.890072952918325,1.720791731391783,-0.07876720437059048,1.2661039802695275
1.088950596967366,-0.18398333635267913,-0.12982069973342616,0.029175617582632762,0.40335649189614176,2.462026876355395,-1.386622221647766,-3.243600231925035,1.8320154026231263,-0.41136410540332913
0.06428001909546277,0.01843393306539316,0.0438114719791096,0.3742556673543835,0.5785720162162811,0.9624106650352913,-1.7925778351666883,-1.4471426071677354,1.4108610151306173,-0.6939664981070547
-1.0777447779293061,0.34758170536167105,-0.14700200162848862,-0.37774661425565925,-1.688264052576591,-1.4845665583705316,1.8911686381355564,1.8137011845204716,-1.1643082211631544,1.598177485653191
-0.7153037092599682,-0.5397596803093615,0.9638791167949097,1.7908748710081976,-0.3905627266639117,-1.8987024632120115,0.628509329206633,2.3983012831386645,-2.5028888237219733,0.7197255097661381
0.6795977489346758,-0.7783047254023127,2.2105230015913513,1.14533173328095,-0.05836306007622549,1.8990736304611608,-7.001945257660506,-3.04888059690741,1.5196831412175145,-2.7343150055572503
-0.7303666317171367,0.19584525509768155,-0.5574917850078336,-0.49097430056149494,-0.46028824363518156,-1.4770480772104073,2.7366043874588257,1.5182488521446098,-1.3462092503711525,1.1616740318725742
0.21645858958197486,-0.978372777615032,-1.3698029795790778,1.5704911979980176,-0.208564397285048,-0.15095824576700823,3.3624863176838997,0.567808981553375,0.48791438062004067,1.625223823647747
0.045571839903813784,0.40825275571447184,-0.08828204835125482,-0.810971906102681,0.3633159620457245,0.4032255730103065,-0.26417509002753287,-0.41852087206007244,0.3381304722362162,-0.8315130223390947
-0.6516003476058171,-1.7025836042378404,2.5797093376543185,3.1498678994146356,-0.5398960411717173,-1.0023781851584899,-2.6118817563406997,1.6050536283813985,-1.8416202786427793,-1.3079181622403475
2.1439440893253257,1.0291556373256436,-0.8036745679697308,-2.4703773175814527,1.9605792928793409,4.5803264255457865,-4.069570694721733,-6.598285045866475,3.6945689075591526,-1.5510904900022546
0.6339190223180112,0.472597482413043,1.6391168054440675,-1.290148439535327,0.4937451301118194,1.4981118376964806,-4.279586215418391,-2.12049858079533,2.0443485126914145,-2.8344454770891767
-2.025142586657607,0.25602973431387566,1.6777008140764407,-0.9474232304977717,-2.130580807560209,-3.2345429059646587,-0.05721651728435698,3.0278659317680146,-2.5384368846481205,-0.1458073852483195
0.18645431476942764,0.9826909839455139,-0.5535882417079946,-1.112021677387102,0.140384076495008,0.7153244046493642,0.7019266986949677,-0.9152749544618697,0.6421379528083281,-0.3231074534452738
-0.661786464768388,1.6654744444625766,0.5689830791852754,-1.8346540775380984,-0.7367521439495773,-0.2650293205741154,-0.6953768942307452,0.9265203181581638,0.2543643981456823,-1.0134538213065545
0.852433334796224,1.0143700650181304,1.628396623128538,-1.6905659743816583,1.8730013900137603,0.6117793375780818,-4.133571922902948,-1.6488664692670671,0.30134532248486995,-3.550013682302913
-0.7925207384327007,-1.8408742313316453,-0.3791277409874871,2.888843678509334,-1.4795211334318714,-2.227046310151557,3.2370567689131544,2.793578492204974,-1.5512462689417796,1.9629700130776417
-0.11473644146689901,-1.2795769667357015,-0.20358036010236177,2.101711551431288,0.8489091136846653,-0.5572544807329983,0.07795880251292431,1.0351211386328658,-1.0185988796273273,1.1307237568240336
0.5049872789804571,-0.6248185776956788,-0.5816809139486437,1.5901035153092145,0.7472529185303678,0.08007551911624244,1.4272513161507494,0.6361438608569797,0.29965249092578833,0.2489470243336715
0.8657551941701215,0.026091050210833786,-1.0147567306928669,-0.5058170524011928,0.5892388807174052,1.7254051002412025,0.3390945218766521,-2.491978323630567,2.027914077122171,0.5941583626116851
-1.2002964070557762,0.517659020469123,-0.6492775450660071,-0.7169030623827695,-2.182360599790684,-2.0204777045863005,3.685281162711564,2.216296121286925,-1.8607122398617526,1.602170130470883
-0.3345012358409484,-0.7257438131534656,-1.2239402667622565,1.6597707377119606,-0.3960587555883924,0.019423879234288677,2.867984335450962,-0.8913216180542919,0.9578137896016827,2.0577787281841013
-0.4749453111609562,0.18676676447707832,0.03408346825922607,-0.05110585849073751,-0.1369981423780653,0.020758244690337047,0.026911270302619694,0.021226632801369313,-0.025861979652288553,0.3015448164949546
-0.6533292325737119,-0.7553829323533225,-0.7699732310586418,1.3148338155352222,-0.7449721190020417,-1.6629430789291884,3.3547520136047804,3.2657544128136853,-1.6056112806505323,2.468748071588733
1.7654542402810969,-0.6115178029919482,0.2337859117907477,1.4882049058885034,2.9662542296716365,2.8017960139943168,-3.7827370004502807,-3.3794250972054094,2.6053294810422987,-2.9518163023038833
0.40498171096095553,-1.4066610968482223,-1.5558956462036273,0.9203269452164862,-0.04188301476105083,0.151809057575737,2.591688962118991,-0.14192891715040892,0.19391627690343397,2.4493241918705717
-1.2608839543350452,-0.9232332461109043,0.33088023221445706,1.830081049060897,-1.395261605867819,-2.7867862317368495,2.8788851718276494,3.8961705333353445,-1.7859825343667182,1.0962471997770673
0.9178619470547761,-1.3516846056163336,0.8335289616089246,1.8561109700369194,0.6672903754706917,1.2087140747795346,-2.1429698815817027,-1.4367720075272679,0.7221008406965699,-1.0965451926473972
2.1221561970126332,-0.9758732529773327,-1.9937356425714554,0.6608474907466676,2.8727286508017444,2.989798546280738,0.7604648697819493,-4.226746541733417,2.600758755155857,0.5240622655802228
1.0324652605511468,1.0536417966078395,0.37405656984757213,-1.446169088506673,1.5394861297048223,1.6424727676414537,-2.402825622486128,-1.81595606185676,1.46687579585925,-1.7908593194212814
-1.5193699659540134,-0.949398888831943,1.2276689924732922,2.220233623919288,-1.9071366139709838,-2.7139160554686965,-0.04852596391789843,3.7815518448509575,-2.191265101232213,1.0305906894921735
-0.48423407286625136,2.632382064837391,-1.2096410186912054,-4.3203682818517555,-2.252144667695151,0.4427046047412238,2.4032760003217515,-0.8716775970569269,-0.4254387176450678,0.8196554092635961
1.2669111491866227,0.4933179008808892,1.6725723868377034,-0.3203361634669753,1.5558973451750744,2.009424309437504,-5.024436207678656,-3.109713833046102,0.76569140253349,-3.275010212248436
-0.7076694656187807,0.1848361236948739,0.4190190093660452,0.5076044248860856,-0.6593576895118307,-0.72806576973301,0.8604259467691435,1.629681309511613,-0.09246606186343653,0.19663882904181124
0.44381942814622843,-0.8583577801812136,-0.7050118557584089,2.043818186992729,0.8561494755873371,0.1453214455789536,0.8475892091163932,0.2900066846638101,0.1264866985556483,-0.4727176263447549
0.7746340534293368,0.7003098794089914,-0.05576907765770601,-0.31111050254071615,1.4528053728294592,1.7494590717836678,-1.9250467418396418,-2.561566857960993,1.088321314622497,-1.2644731078329472
-0.926930471578083,-0.5756378262377739,0.5583269125217224,1.300794713131262,-1.5711734578849663,-1.4341448938182377,0.489558426095025,2.4486762838172433,-1.8729887741678093,1.0941574053499197
-0.05952535606180008,0.12200981464536144,0.0760053914124115,-0.15934511403566087,0.2514325886966664,-0.07608827310985912,0.25038668348975424,-0.16171859464140867,-0.5852912602348774,0.2770574093543682
-3.2412673400690726,2.5600845382687947,0.5387559924463692,-4.93585689511428,-3.6628518054638293,-4.520167215901545,3.4273213471211217,5.104170701910271,-4.622861349386789,0.9429606833114518
-1.0243876413342898,-0.09605989972464987,-0.9206735930793662,0.0321181562130006,-2.1091429357747886,-2.095468326136214,3.57179451549588,2.332941238561112,-1.5668387298831146,1.201947649718223
-0.2525681513931603,1.1492733262856758,0.169360824036078,-2.2778512121136445,-0.30449883891728624,-0.11475392217736523,0.20031031395288731,-0.8994046437877152,-0.38187446551056514,-0.561275645162649
-1.2477831819648495,-0.7031764251258874,-1.4137144969049802,2.221193975164426,-1.6562213356018192,-2.5589625750752107,5.825142297526277,3.7040771936907433,-2.218084463724725,3.7387190431095707
1.6324113039316352,-0.0349884904969617,-0.11122606134870032,-0.0314318820240179,1.9293522420024285,2.4844833756635696,-2.785853788222636,-4.131510269743782,1.8792473460546706,-2.7037445786311585
-1.4301413779606327,1.77080063563551,-0.9039076414647897,-2.7984740428483685,-1.794818259721722,-1.9445383967188294,4.42744825032791,1.7016515584438299,-1.1361935331149209,1.1080795032393138
-0.44004448669698376,-0.6269670577877674,-0.7355299425897666,1.288377130577925,-0.685948770070037,-1.7814782710413732,3.9604168401003097,1.3583634250412713,-0.16868566475974278,3.147511159113079
0.13074057728609134,1.8124485579969287,1.2360931752104374,-2.9055421075266747,-0.43319669455568355,0.6587682110088391,-3.081949383473683,-1.102187321262714,-0.4356186558126784,-2.2711855954138747
1.4412732890661155,0.7077519354554754,1.091310120594269,-0.2955871485074645,1.6535093196525363,2.6555733512212103,-4.8713578090364535,-3.53122630198599,2.4736396192164873,-2.8458304690440057
-1.4358621511794394,-0.5624667758942676,0.609138120907177,0.5971333042693997,-2.1938011700633115,-2.8625234332621363,2.075246743921662,3.5818957687826756,-1.8084232895005334,1.3244423511340468
1.1631637521549596,0.632407739055521,-1.092312764672579,-0.9241181323548197,0.7692152707325155,2.160137258699086,-0.5322107768822355,-3.3812897452409594,1.4248037302478092,-1.291844696224381
0.010233061019587049,0.9725544496267299,-0.3164084496948019,-1.9420389271416276,0.21638696848689962,0.3490068039092618,0.24894384967746405,-1.1759373948548282,0.4214850349299467,-0.5540385101130114
-0.9815086510479509,0.6218099622171964,1.2130976999791834,-1.6643163090343496,-1.8427290909350456,-1.2550015702421424,-2.19813316824517,1.7369502544680588,-1.4830112782010518,-0.2570393480193115
0.46210347426327075,-1.5702247198904564,0.14171691363990474,2.23023535776375,1.1084374206527632,0.6656339612295706,-0.5193156909896227,-0.9773659378749728,0.6235710109644672,-0.5031293054200576
0.19905969557347003,-0.7271371758248686,2.319329539981694,1.1559039886782176,0.5723370870734166,-0.24538387767131414,-5.040949942935403,0.557947571368347,0.1413619510269809,-2.4692841646492356
-0.6002168771587947,-0.24751863555150475,0.39331783939437187,0.18512411105012588,-1.5509795698435385,-1.749257161686561,1.8480263647831068,1.833243921133571,-1.0533566312193798,1.1326058062518076
0.06980208499001891,-0.07443342910004629,0.1920491164900316,-0.22599069043049624,-0.24436921789224159,-0.4259639159315967,-0.05715551401264515,0.6254162605667334,-0.11640904652265066,0.02444676461032526
-0.3853135968617602,0.620672097550678,-0.3091164642025014,-1.7056259838348249,0.04663124640971783,-0.6902663606844728,1.2192938074693906,1.4229715723315914,-0.7111957261696542,-0.33286921254301716
0.11351734525124804,0.17770100093325383,0.1335409047822823,-0.3285633266399003,-0.37870074303807194,0.08979678469702243,-0.660937693392468,0.15351870536569234,-0.7175841835545906,0.27970052698399706
0.6621306745210467,-1.3353443587101013,-0.1524698363805439,1.4043969719271225,0.7511354808470414,0.28254959063719437,-0.0668246432285356,-0.471618408482437,0.13330854282706034,-0.7496806596458645
1.586016816145352,0.3801978510059632,0.7081086766885905,-0.23404166365383233,2.087394234326672,2.282617030058903,-3.0111291815399746,-2.840659394794674,2.325114568444919,-3.8028379538282175
-1.237815498826849,0.6105857452838231,0.9567023167945841,-0.9449565870790285,-1.1836354686464376,-2.177705808312357,-0.8666406466697658,2.6292147809057966,-2.7046661072846896,0.29806623756107176
2.1330333746562666,0.5597904479310398,-0.7859894605079495,-1.6329111124258842,2.3640955475623304,4.050210585387556,-2.040869398060985,-5.351389223565295,2.791090658181215,-1.655797932396023
-1.9520877995225019,1.0807807255546218,-1.331232953557778,-1.900207874385642,-2.7995540661844815,-2.7333024356030013,5.567253439244712,3.2373450797069743,-1.842096470484289,3.265107308015172
-0.15178509503558332,0.8339221545489041,-1.8362053731032966,-1.722972406595698,0.41216587848200575,-0.2353369064434892,3.250043804701436,0.09947423507096215,-0.4352611182355194,0.6683913295293553
0.5883172064845765,0.4591800792284367,0.5079913269125437,-0.5820490999822705,1.5136848089888923,0.9989911998494714,-2.5703938626840426,-1.227629238985989,0.2573347545796915,-2.2832606552223607
0.28099186773503265,-0.07016571145864703,-1.1033666061738736,0.7835520959740788,0.8374951090715179,0.004699854844306017,3.042784904338107,-0.44692762278074494,0.035059384299978624,0.490758751838536
-0.6226995198205938,-1.6609609335159914,-2.152890592952483,1.745084613874921,-0.4753843734315545,-1.728864369389862,5.606194264616751,1.8527036539048578,-1.7215317381184074,2.945573872123713
-0.20812225035727522,0.42961821913258585,0.3885786045309641,-0.6363770148399959,-0.7145966596768816,-0.6303590793196497,-0.6660198382756392,0.07575875013654543,-1.0820574233427203,-0.5332603027980845
-0.4930009346588328,0.20768768716311115,2.4929995174327906,-0.4155093890922913,-1.0376996305034285,-0.503155910811314,-3.842325125954492,-0.1789061470469181,-0.38741449825732177,-1.859735663277681
-0.5893647569442115,0.27157883719537346,-0.006070911539893324,-0.1029655822556374,-0.4861406634687108,-1.8283462086272253,2.1410988153201864,1.7490017324146026,-2.0544407704791943,1.2368908891632442
0.8496020970210246,-1.2767485758203094,0.8384907744516419,2.168715559838274,1.4100596867131063,0.8392276828043285,-2.9366563531875878,-0.8512870374591209,-0.3118981818117582,-1.5605416928868925
0.35701548596504734,-1.0810565404082624,0.08182935854756501,1.370064147336715,1.2813539922153154,0.3761413615055269,-0.42276095397879876,-0.835313268891781,-0.025424017083681305,-0.16334926701183622
-0.6929095952606542,1.0531528533329035,-0.09888965319114267,-1.8605076482629503,-0.6558162749512667,-0.7347638095427871,0.4052579789366144,1.0746616758065222,-0.23327391602779418,-0.7210402755406053
0.8995998754332507,-0.03955515385665504,0.9190764829877686,-0.33412614092482346,0.3369899577224865,2.9138529112866856,-4.38652610821726,-3.775541825580349,2.056191685479704,-1.5922391247512793
0.30729952087660933,0.6815006973726244,-0.29027454418865134,-0.5627098895890187,0.8008941854716265,0.968913383558656,0.06235135010878634,-2.277644146259611,0.6055484783321681,-1.3401656190730655
0.8128621188389601,0.028318376130461172,0.26739231407190295,-0.03508208592711588,0.4756128486923599,0.9380260973289333,-1.1938330560310244,-0.8883558476015728,0.7332227922955704,-0.6142474320485519
0.6296288419236122,0.02975613949574519,0.3216978061960136,0.9025352552584032,0.5618653451769597,1.0706184776524077,-1.5596773242367774,-0.9151448203679895,-0.0770308341151773,-1.0092792587231736
-0.8289950109220723,0.9382838059759977,-0.6680904536430488,-1.5457824342880564,-1.0037542712889749,-1.996870235174286,4.309293313735413,1.9758927433341966,-1.1252386176209577,1.9539931602636493
-0.5601810401969696,-0.5160447282173739,0.9920423495365228,0.4792768755189608,0.3954010240365379,-1.2174687942761147,-0.6700605701319647,1.8190512149179887,-0.9082720703140468,-1.1569046550356106
0.7472936051232618,0.09612077694098337,-0.17495975669540864,-0.9121049213133525,2.44121073484637,0.9334448803083817,-1.1847209758447412,-1.7006580850469715,0.503178369163845,-1.3730858367053393
0.6103702654334648,-0.4622752887050425,-0.7557451594928447,-0.15493431163355365,1.1026393603833162,1.3590896247369293,0.27865532529997994,-1.7201972552525768,1.6934522459809607,-0.12531903383421408
-0.020901593964148132,-0.4344962274323156,0.5365098435704035,-0.09029929068589582,-0.056172532332772585,-0.47320653265004853,0.513397452664456,-0.02658710827391797,-0.9295393478020514,-0.42953041781447854
0.117327383308782,-0.30917212346863937,-0.8984679817910373,0.6329170587110076,0.451614336221546,0.03290674262604947,1.23967448892145,-0.8940206349589802,0.6911684987519227,0.5678415689918092
1.277664895788425,0.22213377163371284,0.028181157369128247,-0.10441281033773142,1.9510128697362252,2.0118059290440704,-2.3043951532474587,-2.8011347087310976,1.6226706224080831,-2.3021876796328655
-0.5915713888358299,-0.4787486216634773,-0.009118996644203544,-0.017353220346474907,-0.80575768899401,-0.34906886846776164,0.5331028519893922,0.38842228792428085,-0.42578821493536056,0.7934849289189068
0.5470973811700379,1.2557561255735208,1.085895565831578,-1.5806925143939698,1.3811371858877564,1.2687890049016837,-3.5036680751334215,-1.9526583685293946,0.8010971050803138,-3.011777217954043
-0.20219265243389406,-0.8946073022195039,0.4746982328799528,1.2033781907143966,-0.0036315514878113853,0.22781010842566862,-1.7078024057861851,-0.800944182809068,0.0059045736033668805,-0.1357166374320305
-0.2176812032272203,-0.18687164416135904,-0.025026958745143917,0.3752188439683587,0.01286708652495086,-0.045278703427984124,0.630189749555785,-0.11464543325214062,0.6215106369559861,0.12478134954948786
1.09877685198719,-0.4397310582741749,0.8177662992002871,1.5163339367881317,1.717081336433551,2.009738509872782,-2.53961142962695,-2.3569202317830924,0.9865364957006658,-1.7980401973179798
0.8254163489880298,1.4469778843537329,1.3902075490173134,-1.888640359998591,1.0027235250727213,2.1743890624877924,-4.949912113638887,-2.9696080554325706,1.0928019925018113,-2.902581403303789
0.8135096360006385,0.19655477651157463,0.5578103063518622,-0.45172719706495723,1.371433008950993,1.7006924670759511,-3.3350923919565694,-2.1407954157179163,1.713895640892245,-2.479612643702006
1.305478807154329,1.0318445394686349,0.010352619843380607,-2.112161057471804,1.1191321476026683,1.7159604822872137,-2.5286555715473353,-2.705164964375147,0.9754557372386509,-1.2686370103565885
0.02100384163275905,-1.485560373036972,-1.3118362323501596,1.323468122275818,-0.04670881759129608,-0.6552890556281676,3.444489457264944,1.5277824141255851,0.16186534994993046,1.834729530378605
0.6819529712949639,0.26705026586925884,-1.0651136630753726,-0.7908980404726752,0.23367628754210312,1.7212463155602893,0.8198572384568642,-2.870886353489935,2.394701110282215,0.6145651136664321
-0.31026675659345604,0.889630795623437,-0.30522470435466764,-1.542436121834592,-0.2778304055044065,-0.2390535777960115,1.0615005611327957,0.4430934165760918,-0.3216750325162967,0.48796552627677825
0.3241663524884421,0.08228398927542419,-0.6095122021592831,-0.6264892525939573,0.76825288271804,-0.10189101291148339,1.3570822736135029,0.6781026400945618,0.3613943693853368,-0.6736226370782571
-0.13014305436768459,1.0654803750653512,-0.186971302985446,-1.7865197365371364,-0.07636803479698542,0.1413966119415643,-0.10308348311679802,-0.06973977986808086,-0.4635299669789922,-0.208193417783216
0.09699596499271819,-0.5172884501003722,0.056649924897107164,0.8739149752369448,1.0261520972159668,0.8301459858495432,-1.5713296829439907,-1.1127925571724535,0.9655531396624308,-0.9056555771956514
0.5951570254369136,1.40934744018558,0.5296927543567308,-2.388709881212756,0.5171740195062329,2.1945270893108875,-2.9927266975402373,-3.272990583557684,1.7472702490672565,-2.5588097638666505
-0.8182206832334725,2.2988981236192503,-0.07049877805909122,-4.038024791394658,-0.9712451004268996,-0.6145090860451666,1.167237704072719,1.025191605459732,-0.198556272167671,0.4919781675374933
2.0923872756854602,-0.36283856043965906,0.4865016438262019,0.6703594389868114,2.0237385255848914,4.02042554840635,-5.9277253249548405,-5.864172942243837,2.6600696677520146,-3.077935184902164
-1.006017381499702,-0.4455025214007718,0.06447441481012024,0.9405156211652161,-1.342554852930183,-2.1182302110191356,2.8933474668580175,2.321900064558905,-2.4204469315638883,1.0113944466404845
-1.2141886127877322,1.453384477117701,-1.9754665663538713,-2.892607048457415,-1.3166429484064963,-2.4464204418009783,6.73560048513249,2.759575513957608,-1.3137690560491129,2.8523995934314414
1.1581108735000678,1.5795721457307124,-0.9393353938187543,-1.8457510382146727,1.5985172596026946,2.162211950845324,0.29449388990946945,-2.3095274498445697,0.8504041569683669,-0.8029861466844966
0.7916626939629359,-0.5228600271532683,-0.14408755572161547,0.7951937989783314,0.8789978064060163,1.9791195369193169,-2.487561488776543,-2.313461854091993,1.3440348698824418,-0.6682343713033446
0.6241198170521551,-0.42018681709585726,-1.2096947428411076,0.6880819083880119,0.7741619954829756,0.8042395397867597,0.8857576519954641,-1.47528444024144,1.232587850496844,1.318079309835272
0.6283455092642799,-0.2817846088605072,0.5999287299962045,0.8092264986313733,0.036812320677600985,0.8784756990032974,-2.1478129479358397,-1.233808445354968,0.6796746287953412,-0.5175277871378847
-0.012246772846914623,-1.344450511034277,1.5307508323436974,2.288072860913633,-0.005779683038100336,-0.6717339165362571,-2.01096829061563,0.7247651425091534,0.2362807555140699,-1.9783146680209351
-0.8972543714858315,-0.9186519464841982,1.2187618516973167,1.9603123034667767,-0.5068963996692648,-0.9676970391498269,-0.5440495785282923,1.0365086055294273,-0.36267912334204044,-0.6441089025914681
0.07580455819372633,-1.0041407667520679,-0.213442870930208,1.76538178262993,0.5188861261122073,0.5726446319397849,0.143785549510684,-0.1254853466311564,0.17676176891854756,0.06811626824396821
-0.6771617115121117,-0.7677975651041284,1.490726136849952,0.9338755882542406,-0.4578250743147155,-0.3671820160832384,-2.738538410892516,-0.14437668937691572,-0.5205068458371082,-0.7645623596482141
0.9751197334177512,-0.03468488738678118,0.14866745720211155,0.23677242775254081,1.203654993396817,1.6224364961179552,-2.4813202643781067,-1.277372627917929,1.1729234776064803,-2.4462234068606312
-0.14705738150213865,0.23421473253652075,-0.33708597111803934,-0.9501507699338649,-0.2061688858089731,-0.023653295346219988,1.2838560740578435,0.3770087576453419,-0.7089667765061138,1.7313334327310006
-0.8254971967925115,1.5505004928140769,-0.6134026635409398,-2.4499828236329257,-1.5401753170461892,-1.6331078359796116,2.432872368438006,2.483297810520914,-1.6798474234291347,1.647550412103713
-0.32138584165299344,-0.998354040738791,-0.30246968648812833,1.595858379412816,0.10171954980092837,-0.1982215135601897,1.585553950393558,0.13864217711685628,-0.32423910962271946,0.8247516208201425
0.41293145427562433,0.9843223984765838,-0.38817681854122876,-1.693868851524221,0.5703481310776572,0.5085716897062816,0.111168133215023,-0.8535062256659188,-0.5720783384436497,0.04005179899473543
-0.5637245528039747,-0.21398884422550896,0.1704162223754877,0.28135143483800207,-0.4028098446097273,-0.9626161841366259,1.4563679121501114,0.5486228118382573,-0.6874832549060037,1.440987161770821
-0.8222203955664315,-0.04946370965243295,0.1605739810498646,-0.8610341115564626,-1.2459782293866069,-2.013030611039681,2.1571292296692652,2.280187332366095,-1.6827644693066566,1.4966979557741489
0.2436872114919123,0.6748194921666038,0.0030460201534144695,-1.3642848856619612,-0.8774012834230194,0.38522393455369797,-0.47065253780178407,-0.3486730869849244,-0.5428730550413556,0.6308705946038333
0.24496657110872277,-1.1227220215622986,0.43693816974634986,1.8597665080135772,1.0000472029931529,-0.40559899406957817,-0.6316728408674743,1.3051922601494614,-0.19694875704212753,-0.24789700157640562
-0.5069431753711298,0.3824097461840506,1.1906462747863413,-0.5377139517755105,-0.9030453422519292,-1.053161523535217,-1.407114835525338,0.7703799174197301,-0.659635193535667,-0.826972985355778
-0.4710383056183228,0.1664522082130561,0.9495541354413237,-0.7826798277756143,-1.0216747079800166,-1.0360011870718642,-0.5623892003158627,1.101553593996694,-0.8218932015083066,-0.4967206176734608
0.2320499373576363,0.4924512640081491,-1.4848979684499035,-0.1625197838500949,0.5574302694675168,0.3171971860603975,2.6376781518123074,-0.49752673301269457,0.3211144460668953,0.5243738842911243
-1.4480843414973241,0.2891686439078181,-2.553921134901955,-0.9001329010450183,-1.9796560128327172,-2.0223625950048576,6.782938367882709,1.8539089918524552,-0.9013826691477451,3.859912311230126
-1.4074637743765552,2.4553001399108942,0.9343199112392737,-3.4809047733039655,-1.5068380020171177,-2.113995401959228,0.24348751497653984,2.7821162747792267,-1.4576176224447415,-1.3422493832737616
-0.718444221252436,-0.637739984251316,-1.366878698415421,1.2436313197752213,-0.4674903764946232,-1.3905065489793502,4.180648545037771,1.5252490531703342,-0.707934651315452,2.31738202647382
-0.21344715171184725,-0.5309969550018176,-0.22476540189268354,0.5345164212504803,0.15886450526928944,0.03602016996546187,-0.6924384953972282,-0.10620124069693748,-0.4366013515679208,-0.4738645431735512
0.3109075655980046,-0.6231405264247644,-1.1701130260593595,1.894109536313501,-0.2217864503429557,0.05829623120941868,2.5092891258948047,-0.16641889834166415,0.38865593739669546,1.7488539551742615
1.475356216949552,-0.5554771191602547,-1.8019804375800197,0.30035035228502316,2.459589597051934,2.028936143290895,0.9951413284999123,-2.9977125363714343,2.421196895999143,0.08557086319801058
0.8576596232020194,-0.6373871273065177,0.541462728204788,1.4890413151663728,1.252029599447815,1.1558602310001034,-2.8126915384884392,-1.3925367377312274,0.4707884808345335,-1.2597500420815504
-0.1599385299634271,1.1890165311075518,0.7591551603026468,-1.4201272700079206,-0.5429900037358193,0.7510309874197633,-3.198473892425696,-1.1804584916148193,1.4393015816748045,-1.5258556011096
-0.01901620790268883,1.4205042479898549,-0.5765104007267194,-2.6296117100956673,-0.14928311004811243,0.5921889272656182,-0.42716467064169295,-1.1392995292727546,0.2121328017995247,1.3760472444412755
-1.0025293646378088,-0.5707462937494763,-2.59104229214491,1.6180631478770953,-2.0154586713192613,-2.241053643337246,6.7819969411912355,2.649882232186842,-1.3689588824641912,5.49699864205977
-0.01851313599238993,-0.8323555731042287,-0.5462444482524828,1.2193407109674275,0.298107614147616,-0.10034331849579245,0.8294941216827757,0.37643978107951137,-0.3563015346946218,0.24114232780034384
-0.2886586389201383,0.4714155563864041,0.3918040054025465,-0.6170514489925505,-0.9279345407774933,-0.8833707618596633,1.1522975468199093,1.9254882209652995,-0.5557416712915719,0.4238868469551258
0.3227185603380895,-0.5522230442809712,-1.4789115687741288,1.0220739276800042,-0.21081384367501055,0.7027340091854299,1.9063941171560905,-0.7662215829186804,-0.11491824299061004,1.5258101964444828
-0.827230943552323,0.6329318177555108,0.18335991977915564,-1.089422686891107,-1.8453300367420737,-1.0149642354664643,0.7459875854929189,1.73329763366189,-1.0859378857733506,0.47624451206239016
0.5193465142411723,0.2029230208512997,-0.015309849172995557,0.07765670942329977,1.1532805139801314,0.8349379493471083,-0.6295297305032157,-1.7695762348773363,0.1214020236767901,-1.8016806851386726
1.5327389130025777,-1.515744114997232,0.5792914996010884,2.8448709051796754,1.741973698482214,1.712196469843584,-2.7716818468546407,-1.933150749936879,1.3182630331860796,-1.160929949912064
-0.1087601484568576,1.5475052013300616,0.11958036841415326,-3.3736908725665335,0.42013536792441625,-0.058773131779561005,-0.22354966336007936,-0.7130487910820624,0.4288635978795242,-1.5788585410249596
0.40171172209894146,1.7958776730955217,-0.9730689408815555,-2.2484090458518544,-0.03471469415477896,1.6421230416887787,-0.4617258742914614,-3.0227687155642458,1.6977008087229621,0.1372963542791228
0.6901439917111125,-0.6127886904843862,1.1965715016644913,0.1584885164105687,0.06262573289758389,1.6001695868310566,-3.3190950529503596,-2.42822436480311,-0.07521682136266916,-1.0284885274658153
-0.40122047188583626,-0.38770155993598415,-0.15852957302697002,1.1424622266996334,-0.9872217633424296,-1.168514286241664,2.4645701297290423,2.188836524404197,0.21327397681247973,2.071640178680374
0.22409248181041677,0.28586539072490497,-0.02730453950993186,0.1016422807877379,0.8478243972588844,0.7296590569593027,-1.571331043136953,-0.46156924598564264,0.64944930845123,-1.1389020697595544
0.01259240078179486,0.334456789987025,-0.933267959073196,-1.0856750176612704,-0.10942804738045135,-0.8969150534362789,2.3275776549133393,1.2043104056144258,-0.9734800308335076,1.3952085345616065
0.09767609854883172,0.6585442726728304,-0.4432822511915103,-1.2690429509535341,-0.2483844595142732,0.12451425021110457,0.6066660851223615,-1.017834481093024,0.2340073792890025,0.4448625944401938
-0.7730097838554665,2.0102045387663496,-0.8848027140269009,-3.7995976412821593,-1.1309208719244417,-0.6269521968728134,1.8501226687894585,0.44209154150553925,-0.30318117820298063,0.5750298006934297
0.024510174258942714,-0.1769472274940494,-0.172946059923423,0.17833258171754163,0.3050734172925331,-0.4775806456810952,1.1301666081552126,0.7813110764679254,-0.6537564842629086,-0.15166053753897055
0.49799829124544975,-0.7982972445384537,1.7117084801423434,1.1353381361108867,1.2695513781555823,0.11048603522388617,-3.7847205212805686,0.025750685363377837,-0.1080958561910237,-1.4506000587472747
1.4511436077950417,-1.3793192280145272,-1.3719011429313563,2.6176126355911586,2.6635997497897397,1.7048688627266668,2.080179123977051,-2.940642949550347,1.3277447211206161,0.017772119743337353
0.9592708260852069,-0.7309300399419191,-1.6135613978767411,1.8357027357710825,1.0768923675127768,1.5611066208522777,2.1598579840138874,-2.3336615381935824,1.3120825115353858,1.2776251633333928
2.1531824575115563,-0.033126972873797095,1.4711703274936085,0.7513463332480865,1.933778440933886,3.680639538889014,-6.597347818487849,-4.73943794752926,2.294204353534041,-4.101057379961324
-0.7673475628880495,1.7945578635177877,-0.20932367715186612,-3.179531514140147,-1.3807747799835872,-1.8008239573299747,2.829398736220254,2.370971431872789,-2.03850645820025,0.10402163833159006
0.8723206367206782,-0.5176112990361714,-0.6690727386599166,0.7313995404732374,1.2524924599616585,0.2811248671510862,1.6774328412981674,-1.40958610990257,0.44843054829480866,-0.3694405577815214
0.18334200573835174,0.2237879516388985,1.0399046873960764,-1.2031661368187836,-0.292363272115912,0.10226913948461347,-2.416058587243733,-0.2990779985004783,0.18775366263183993,-1.1671104320409615
2.1898029332176723,-0.016422896072752075,-0.6056155397368641,-0.37640989129168284,2.1599843260131,4.073764538229237,-3.460614777625494,-5.224741724804168,3.483025973579574,-2.2212395822003175
-0.8082982853551515,1.188393273448084,1.8260097135469362,-1.436985969205368,-0.96692080158105,-2.353034702668774,-1.0374909828717416,3.366083685654797,-1.695463728326597,-1.2691241712851853
-0.8397218421807761,2.5269324258736217,0.6779258713392691,-3.2735375458976606,-1.3876255488230207,-0.7863317361856905,-0.14209345894026615,1.130303063195576,-0.5250880289599015,-1.6645857549821608
-0.5993926454440222,-0.5308687729203206,-0.48791140814570266,0.24024860927436598,-0.6311733066386301,-1.51476728825222,2.6374327816942755,2.267767311490055,-1.3579627451265752,1.0431700729080746
-2.123895724309807,-0.48943944251822213,2.1573082132655035,0.4942770859937892,-2.867922168585451,-3.2230807330321447,-1.7294014362125558,3.8043283473466043,-2.4886883093838836,0.7371632661553181
-0.525755021680761,1.044160877069072,-0.6057149230033384,-1.6996603319575232,-0.8937529909867935,-0.7285764800132912,1.5302321254489932,-0.13268900834686792,-1.182917295920531,0.9983730684766339
-0.759132661553698,0.6818914896263114,0.742095372009307,-0.9612640604808538,-1.4711117977721495,-0.8897962014454441,-0.6092232468888455,0.8859381239527893,-1.263807964712313,-0.23420721082035886
0.15039378647620763,1.8467073257360336,0.2992925804064919,-3.3874775164228703,0.36863948570128136,1.0222840658460222,-1.7475348356751574,-1.0628867974761622,0.25718400919627044,-2.115697040080765
0.34175597577715944,0.5839281853259639,1.301741289398798,-0.731090468091888,0.8476327572005713,-0.24698130693660625,-1.250451767205794,0.9641065301919325,0.22793872760842,-2.5186836023217625
1.8761708392158862,-0.35929209078705954,1.5615111967268527,0.3433844134979326,1.385700887624811,3.549881524764274,-7.467135823418424,-4.212056842582158,2.9269301939923644,-3.38449603944481
0.9504238381860503,0.5906548306923093,0.032004149065766624,-0.9612115447085703,0.5970804210572004,1.9989189781517813,-1.9099236253105096,-2.4394364560217685,1.8094783934435936,-0.828877136439075
-0.5769036556624031,1.1087035805829077,-0.7534178703461835,-1.5175603034059622,-1.5973945454892797,-0.3478655965839392,2.5342386340368446,0.5316547635868933,0.439180932128695,1.8525462586334374
-0.898414671348358,0.820482181197364,0.4599721429391164,-1.321975740329943,-1.5210125925944695,0.6884543186834573,-0.6643056048351053,-1.2627760129918695,0.09913095329951987,-0.43663738182454354
0.4919191715065057,0.5072740311072977,-0.6777153697521061,-1.037507372287322,0.47975737563887944,0.011802104916715184,1.1867752189585645,-0.15422255031570795,0.27914889449573144,-0.40273029063620835
-1.3202332070206422,1.066674689589154,2.013387247526623,-1.7776251303394912,-2.4629746340412857,-1.0625253474132301,-2.713027157594144,2.082256945292282,-1.1924215227772355,-0.6106486702251973
1.8314587658543537,1.1692955904456728,0.13653533108273744,-1.932747989929492,1.5808808837079424,3.512218430189935,-3.6504339014014047,-5.1520758656441945,3.1511808401098143,-3.0777358984337693
1.179440120721287,1.3821589910375272,-0.3653215513121087,-2.417374476005632,0.7251939961689268,2.7321609329613845,-2.070433322241074,-2.8989286010696413,2.1256884387460735,-1.5138138649551494
-0.4691756521047048,0.6487098875896427,0.1846803058649084,-1.1771500100720698,-0.5516597789897284,-0.6064695358212756,0.19898448625624704,0.5395825393674994,-0.6979042254263145,0.6094083064633803
-1.7131345290908775,-0.16711808031685435,-1.3471262895296965,1.0692413137851622,-2.0044398359317674,-3.2870571939976774,6.299679462245085,4.990737052632356,-2.0523266090264873,4.154345194478323
1.3538723741654128,0.14671368643332283,-0.9716140385106515,0.043497781183375134,1.2485784273373532,2.1506241917019806,-1.5675093848358737,-3.482156915641557,2.1616390296928327,-0.3887146977964855
-0.11453984525261789,1.2065089665083568,1.2004139079444254,-2.0964111769975022,-0.2177254830209744,0.41227083885571986,-2.4969232825490923,-0.3897005308430178,-0.17904900456285694,-2.4296789515233277
1.2378163119734618,-0.8169356709872361,-0.6568942789713957,1.6679359960149682,1.3307663885550465,1.1142760396294538,0.2841314168212068,-1.6908629274893046,0.9499511003342221,0.04219233047435349
-1.594427658794367,0.3686733088729012,-1.0469109826819396,-0.7623657357137865,-2.106744319642394,-2.2915182017264932,4.284368881050675,2.2021412537919187,-2.157075702761932,3.2171868536887906
-0.5993750229537729,-0.3933388123273607,0.5366527525272862,1.221856349013727,0.16999741544735747,-1.4085339201797549,1.4572645532846527,2.0182782340362633,-2.343493084697451,-0.2947558937841809
0.005243699718183166,0.028744822934817487,1.185704154662997,0.13839441803445285,0.6725349758757111,-0.5451168858596529,-2.0600965195100205,1.2197098640366466,-0.5327431725982525,-0.7913314985636618
0.046980593764742055,1.2784518626072987,0.7189533106650667,-2.1185193504028215,-0.7715067636595003,0.3333335400970317,-1.981570798438519,-1.004592643123523,0.4328488561566062,-0.44138793238093277
-0.45006547147924364,0.19109906801990334,0.9960476858058164,-0.08479172184369813,-0.15360866120280547,-0.09181073992077482,-0.9241199902954834,-0.6367918162088131,-0.021631865285125507,-0.36226039029758084
0.6228499323474987,0.04643654815614881,-0.7567950885694608,-0.8604392223820739,1.1490622137947435,0.8449683997956281,0.21607391674086762,-1.2002049715247605,-0.23121578558221523,0.007916465554493907
-1.0676204293825944,-1.3598561409799192,-1.4218106667418438,1.6329631838962526,-1.6697963897919177,-2.204322259369302,4.834530966208179,2.9239447368317606,-1.6844240371309445,4.052458478947023
-0.1423794850212935,0.7462535660272207,1.5013336519554867,-1.8022603804230348,0.1339180951920237,-0.3381845808742218,-2.668909784128804,0.5831863374435335,-1.6128551913972191,-1.224856114855795
0.12029563171189886,0.6454841811410754,-0.32267983884213575,-0.9710704902428126,0.8237776330125004,0.8307034833333026,0.14393496994708121,-0.6689164181505954,1.410396925713223,-0.361289352013927
0.514438834058749,2.16325472330546,-0.25083301645504735,-2.6276840297759723,-0.24360531143788539,2.052415462020886,-1.623416919169831,-2.8717549815495538,1.0916469124623123,-1.3881942983855717
0.7116148780888898,-0.30777823495300083,1.328194141849058,1.6127524926121488,0.44086919508173456,2.0612389525380577,-5.4618692109375,-1.6235619823017946,1.9636463578494259,-2.106160685798926
-1.1246420918378692,0.21915032766393897,0.5562300094006599,-0.03493111595576659,-0.875668075333849,-1.9840535565964101,0.6984756738135088,2.676016803537988,-1.1767882059783894,0.48034590195255433
-1.5341141707356223,0.24938368371075526,0.45588777208160763,-0.15236528445672887,-1.745924145485009,-2.2708001698831115,1.1211389003951961,2.7532274841813296,-2.312772102327218,0.35937478913504517
1.277676821898509,1.5774532797634744,2.165002344901084,-3.4483238473268516,1.5939433943108956,2.882961399123161,-7.33879193575632,-4.780622237515486,1.326111042931193,-5.050755687501621
0.33231401197959165,-0.0952955323869521,-0.643518230380143,-0.11742205359519065,0.5836508825560088,1.1968901304677146,0.18826114556259033,-1.687883032090493,1.2190372770070135,0.5976223956815969
-0.7484865365565536,0.27902152577033923,0.9278401280812372,-0.8445484195482933,-0.7446518449302548,-1.5718945124227297,0.03501846787907123,1.8048868232555737,-1.7705442366837512,-1.4147003842176686
1.551151975522523,0.6078965097165392,0.0570131248970845,-1.292256792746653,1.1194027545802385,3.3265919127364327,-4.498858626850349,-3.9148977492571415,2.5517148107346648,-1.0288627615272596
0.11567463429285867,0.1866091231563581,0.26859227886325693,-0.38547024124045837,0.6368957980788399,0.17551740927571016,-0.17621883741156086,-0.023257495388211147,-0.1046042103016733,-0.20998182211942873
1.1792971840638264,-0.44643361455052827,1.5284684264125317,0.4850038457016913,2.0667860277932144,1.8757217051641206,-4.8103244071592695,-2.9813865464794778,0.3378917687574663,-3.528405550513959
0.06751848141010895,0.19408999289830758,0.5078357562896237,-1.3031308278668248,-0.06047604969973232,0.23683757522943974,-0.5617971542054174,-0.31307697439860727,-0.9564842593380394,-0.3902331373129835
2.060747924881987,1.073631749859772,0.538296079049633,-1.3601016697060564,2.309449931815606,4.149697961360719,-5.183506817092226,-5.128812713676077,3.266708179995348,-3.4967360817325566
1.7553408424432044,-1.0265152994110602,1.0725073373098022,1.1215860067226702,1.4908175062987503,2.646891880078454,-4.269727573070711,-2.5798419414517952,1.6537187488215852,-1.4923168080334848
-0.2489641484790735,0.132969674146876,-0.3649527295428853,-0.09514011920963292,-0.061138811596323506,-0.28099811631943034,1.2301428290901935,0.8004460995735445,-0.4199194150366775,1.0189069214859847
0.9715709509543554,-0.7001208149391732,-0.8392096673390064,2.1678287380609387,1.5533171084863417,2.237164818253524,-0.03906388565456098,-2.35890049734209,2.2678475982085087,-0.8880148437169848
0.6453759495851475,1.1950466289248425,-1.0448091940210336,-2.38985012766035,0.5792177516602474,2.072379598398252,0.09168828303548482,-2.820881598858784,2.375424151909803,-0.03642404359327828
1.3686315575323487,-1.5231869047837747,-1.9663565893760018,1.1950038701137455,2.42225365330473,2.274694605567576,1.4698457796161684,-2.6630303076969244,1.9363165860173117,0.7118241707638605
-0.9649234605801045,-0.5589218472715883,2.056207129940322,0.7597303471929668,-1.2507553827426683,-2.1326818045978575,-0.6613186814968233,3.4375262628930425,-2.056294582428816,-0.480019855223348
0.6860514599984393,0.37721187506452086,-1.1032083657216831,-0.05876708325479618,1.055628847615472,0.9022463396948759,1.702923011897595,-1.8376385940008615,1.1615246048731982,-0.3545234244386565
1.0584244868495878,1.5655240292343404,-0.221253623585772,-1.5493539410706731,0.5460821029247104,2.9215573214419286,-2.393270453131047,-4.064173614604972,1.6418721584324802,-0.7392425961878696
-1.7587394864231143,-0.0657502610729878,-0.27681329988892067,-0.5085794586631323,-2.1199265431445014,-2.679397922892209,2.6528894870623825,3.0432990762815684,-1.979888876021651,2.747148738675445
-1.183258512665775,-0.5551995266931984,0.30740669780910074,1.1450700313561257,-1.434263131240045,-1.5511601028680868,0.31800884535808405,2.277604513980009,-1.0320331952938253,0.8803701718421326
-2.0392321777601006,1.8811570694405901,0.8157372125392968,-3.2709718619590937,-2.604666268863261,-3.1882369524514473,1.817374581128634,4.506050885761209,-2.2554159609004882,0.06960304472735213
-0.26940683444455776,-1.448013900416244,0.8604734883597454,2.2857591432836397,-0.30717801412403517,-1.1273726020722332,-0.3981792306926047,1.322646824218148,-1.9692240790177504,-0.008384638677737533
0.7175422557959623,-2.198805956620082,-0.5830774385689385,4.873533131048161,1.1047169585237988,-0.37604530160325444,1.3607195393236773,-0.3614772077865809,-0.5953330488527528,1.1088018799608157
1.502357052096028,0.4400144500533324,-0.1671217137864115,-1.4621665019368795,2.1603294835042215,2.609572118251598,-2.3052765912544126,-3.6857966522477765,1.6200525965789105,-1.9505431761206762
0.07409478041977519,-0.5020542243526112,0.28257995048829965,0.9377535818089516,-0.05917097382041603,0.4417727294808804,-0.24468357421614417,-0.04788106898578309,0.41015852013305004,0.5791075613423646
1.6286155455712918,-1.0212328171307132,-0.24869112618354708,1.8832722002773445,1.299783472027233,2.2508626496461455,-1.4491469961959584,-2.508502842756746,2.05953569232726,-0.15687830962748917
-1.3801014582148914,0.7083564472993533,1.6073455760199926,-0.6011958725653064,-0.8854683835867059,-1.8432514864874256,-1.8667202954872186,2.555515516494328,-0.9850429398888102,-0.5316871125934293
-1.7033824393551547,0.24380071377119883,0.49097495163825133,-0.344778712816888,-1.393945671484845,-3.0001352234474328,2.091087551277203,3.7161343610577546,-2.6594817033558416,1.1057529467889646
-0.05554769889661878,-0.5640786307367284,0.7348777860498175,1.0650866129273566,-0.6343456935275136,-0.14555555249643928,-1.6932230443162606,-0.3753467359139885,-0.5090253119450381,-0.9133507711693497
0.3840654489393073,-1.2803043986708944,0.6628812686674127,1.8720360846262372,0.9857579995875417,-0.37482860247964633,-1.025122802298294,0.8758804072623754,0.17083269206034207,-0.658121305301203
-0.03269474809409311,0.8724573282801447,1.173473857485325,-1.2745701183026257,-0.4125090088025664,0.30975321756208274,-2.8657538375434957,-0.9086269543188016,0.18585624005828075,-1.0633523255122903
-2.0674421000398766,0.650201177958661,0.18102155870370695,-1.2217567470089785,-2.447885894029827,-4.889470595854046,4.577359635398453,7.329561115935327,-3.2038091103954476,2.4202468098817578
-0.08912003951278841,-0.09917586377938291,-1.2968319479558466,0.47096803788801755,0.05365154073891201,-0.28708028778328293,2.2316044832687245,0.6901523842584172,0.07567947857533996,1.8000224594702046
-1.3044695005048532,1.8466369960476658,0.3996879517526416,-3.1673673327665783,-1.945141082210929,-2.4221596743055644,1.672867425374691,2.6170710570942606,-2.5271128206118814,0.26729756980684355
0.6696725488300385,-1.0700847663261526,-0.651356893791829,1.9168781487602748,0.5635448620696137,1.382512722645882,-0.44956875150618675,-1.9573986161570183,0.48594659126337403,-0.04957728007761508
0.36659824609684827,-1.5255251709247388,-0.5286166817497568,2.449292832682747,0.3088002005543248,0.4657545967375663,-0.8937775333647533,-0.47440792670217696,-0.44672529253024024,0.9277944422347444
-0.9398797863273552,-0.6919080698812444,0.5863640187550933,1.6805478627330546,-1.4931186018511082,-1.6770191332768543,1.6146887829228738,2.1692314126203662,-0.9816597990460146,1.181234274692974
-0.5138669173366935,-0.045586016355497805,1.2382830714336357,0.04793056358191031,-1.028190688468875,-0.16015657955905327,-1.7846058183735352,0.7689958770417725,0.31421604578219664,-0.8622470248217977
-1.0592135218889516,0.24333944932269183,0.02127157673606165,-1.2795415207694467,-1.3426925995998724,-2.246664916348685,2.131279519855687,2.90811415392606,-0.8364388359966721,1.1418723942979532
-0.06267909727317188,-0.24123605785632987,0.3088330125989638,1.0205887825443765,-0.3996989144703066,0.6736875972438736,-1.3595188306769026,-1.164515135621361,0.892152713144122,-0.6756120754025102
0.9551423205012383,0.3520553965142968,1.702214944635238,-1.0214820223027798,1.441814193911744,2.2768303719890923,-6.343783035641656,-2.0726615294419126,2.0323049326308493,-2.7317465077479466
-0.9857260463355437,-1.251539424190444,0.24075317948856828,1.694517973545638,-0.26855465725604477,-2.3175003294243472,2.8250067669561023,3.1430992731900416,-2.056656658672159,0.949661757686118
0.5040465155178444,1.4437646040732595,2.601683114180395,-2.6297007937386887,0.11545953795801267,1.991469311100074,-6.323142334802499,-2.3789369439809773,0.6290328429542965,-3.284355632721136
-0.5302576183724408,-0.0821511783925688,0.5655096456315442,0.8199040285213758,-0.5072109683114452,-1.5162375688370946,0.5854431674507954,1.7155728397885177,-0.8315759772479424,0.8393579421083371
-0.7928728322623442,1.1172958315881276,-1.7607627591558177,-2.8724171523659363,-0.8604874508120002,-1.3908675914874291,5.41787931652699,1.7759851556960664,-0.5543735550458425,2.223756221778957
-0.10703035995455783,0.34272534637770413,0.7533416211045325,1.015327655778131,0.059357177671917144,-0.36499066807848773,-1.0014922242253266,0.7000191107218863,-0.3399388354228524,-1.3742990726510484
-1.035242322419374,0.4567532191537839,0.38115838488277776,-0.20968825173951222,-1.272027022017445,-1.9151268358665368,0.5761194652368014,1.5174654451295821,-1.4065531280925403,-0.586200791854531
-0.553649305347182,0.5697672802322039,1.2897527540827456,-0.8086298049004029,-0.37464049841021035,-1.2899243077373557,-1.3795694233651297,2.618546577335837,-1.05729836751675,-1.6469048866858702
-1.1978778925888485,0.44770856001731496,0.6731813512699584,-0.7505553398453498,-1.2634133674608827,-1.3284762606082032,0.05779105023598741,2.3102365209809825,-0.49541785538542193,-0.3910617114584942
1.9647251329163893,0.6427227598675439,-0.13845598398377382,-0.8953049408398386,1.6568455045098838,3.564939320690552,-3.661854669936004,-4.87366768712472,3.4196392662284945,-1.4297194038680083
0.03526355197172861,1.3291525301324314,-1.2242982362893657,-1.886195325418527,0.2916859034737493,0.7328526194129373,1.4851698927729615,-1.6334838115898236,1.0205779629975158,0.26947628126279033
-0.6997255079925856,0.19652116970147013,-0.20902325728602528,0.005200199291218288,-0.4261473759362906,-1.442600692147428,1.8789041196829452,2.0401663360189635,-0.667196958366042,0.9920250701180283
0.213979910734222,0.7090037575885123,-0.8505204542093001,-0.8673322934760392,-0.2229039011291406,-0.2701680177532947,1.9644560130645177,0.33101256242837795,0.18156544037126096,-0.3159515065052313
-0.11232804969082982,-0.08973569428722672,-0.5805234498047227,0.18972531549329455,-0.10374776479251197,-0.09590487287272456,1.2594366107317578,0.31540679881863776,-0.21251833330844017,0.19469233747042547
-0.22096959953322298,1.4401172154494728,0.5885784044206096,-2.424648343459356,-0.1251763477984587,-0.8088536547693044,-0.8154521923401098,0.9692817815286285,-0.38207032325060963,-0.586972263594001
0.6141667000434252,-0.6763923020592697,1.6699045043514062,1.0168260852627404,0.7290492096413902,0.7940798391387529,-4.444257520674529,-0.7015751607116725,-0.3693268629619673,-1.9339517372159571
0.7575077100473051,1.8009404329108156,0.3946715298229811,-3.0062103319212405,1.1973063309516045,1.3181508473336203,-2.7849351395707664,-1.195589081669632,1.4377663468377,-2.296876027156247
-0.5305011476105275,-0.04015795064434341,-1.1958830620351844,0.6317454321807745,0.5488740484575045,0.04574482133506774,2.7157265480839494,0.26989455838577153,-0.341220904640535,1.3084273952224623
-0.57581824064468,-1.4307751021180481,0.4446026682201407,2.607668749976745,-0.8866953755400862,-1.089363637651345,-0.791187375163055,1.0700785994284083,-0.8566367867154223,1.749522057918103
-0.275051697151644,0.12810441491078928,1.196631486645651,-1.677099833612516,-1.0395164427522252,-0.3831662993343723,-1.3876003902956073,1.057410304146646,-0.8626735041388354,-0.61623716967217
-2.301921164735585,-0.6810516574748808,-0.6097829043193822,1.4279385885277418,-2.524367650831004,-3.669775423353364,5.669386240876172,5.668935753713377,-2.425363511551427,3.667602358787275
-1.5151910621985523,0.8406435489887241,-0.1340171666729177,-1.2603820444480227,-1.5805582986367885,-2.7749959630942644,3.0000467158069593,5.075699858441778,-2.162898983487298,1.8204794806695959
1.3668742674445247,-0.6526239793023909,0.014688194729197093,1.0447193745712016,1.621131454554437,2.432707821129317,-3.8563951955430964,-3.6340329601014516,0.9859948030716412,-0.22767530036131123
1.6449677135012837,-0.4461834332147797,-0.78489831308224,0.5263858321706988,2.7691999796222477,2.8267518363766073,-1.5638270169569815,-3.4974770838955562,2.51538721516363,-2.3825153569691135
-0.24903603955637832,-1.889540730945531,0.648280433843859,3.6139137119924856,-0.705624094499798,-1.0090582864982456,-0.2149532908375005,0.5216801401002238,-1.1734852184152982,1.0454481701792246
0.5765569630557664,-0.4523063192490767,-0.12094814860778157,1.2042975578157273,1.1036396981662238,1.4818159789013432,-1.84192496120833,-1.554354972665654,1.5673316140379883,-0.7010982382945885
0.3112501545435361,-2.4238793266289567,0.41953244390702776,3.528445784442246,0.4097797515404823,0.011678186501792254,-1.0522184376606887,-0.0377909788732195,-0.07326735605873354,0.6856575558806051
3.0788808084552377,-1.5839028234857233,-0.8874921778021001,2.761737987076627,4.787174992076356,4.969565780860666,-2.6089237268307284,-5.269664146233572,4.261278074840907,-2.613757980790438
1.1195749114345768,0.7604146561442974,-0.43745830032341043,-1.7139982716901456,2.238059496932232,1.4244181097274098,-0.24122268884386489,-2.3519319756192116,0.7263738529479007,-1.7364171306997944
-0.12791759148076653,0.7858001586508322,0.7223813578277714,-1.9589799195750213,-0.6469031970688843,-0.412581104897397,-1.4402810123522363,-0.4504993790535757,-0.7642511543455963,-0.47702576683697223
-0.9555404406004258,0.42545756178496474,-0.372833152091767,-1.000528656651463,-1.4844673059298084,-1.583472372012456,1.5695035777970683,1.741310298467144,-1.4651995000627198,3.0160588249502354
-1.6064463202575725,-0.966976143129213,1.7269638512334051,1.992990670180971,-1.3693405587835568,-3.1382603331651944,-0.2800255686612716,3.213627844003973,-2.291596323696932,0.4545021006210353
0.2034636358672231,-0.047711356141979855,-0.39963618561460235,0.5536226519729537,0.05803455077726438,-0.22504020123796947,0.9593538391164096,0.7060886335211187,0.7218052513483689,0.13239638244240087
-0.7563507452843033,-0.0036025390905684044,0.22468472575188592,0.26236128555186683,-0.9327621395957523,-0.1256361006149016,-0.15967326466261603,-0.8513360435548631,-0.5233229308648202,-0.047583712159078445
-1.4222537095976742,-1.1583646891925428,0.9325908318730899,2.2334595573603715,-1.538005254630773,-2.1740413199172934,0.1270526567286665,2.9855101841496237,-1.3202099675613304,0.8282722414208067
-0.6465728842425266,1.5033983017671506,-1.4183657329330317,-2.1700972856049576,-1.9478789049803291,-0.27659442296237363,3.2640287083773503,-0.8357564840081435,-1.0621207556770802,0.9739274420073
-1.081548003614395,0.8773622905756714,-1.7608088119807759,-1.7377965471959773,-1.4313225864932195,-1.539542733372655,5.999361049808377,1.7074368421068498,-1.4417044293008605,2.546376293525877
1.6871416350725648,-0.22096417382966393,-1.5256563145700948,0.572847539664536,1.7170723018307994,2.778715375894435,0.5412866071270539,-2.731782913760723,1.9523479481237629,0.5257887384312181
0.8816397569494505,0.02688583899453078,1.262584103427182,0.3567805886564615,0.8110818412645089,1.0845148740664967,-3.5954936850364203,-1.197082358697187,-0.030947497130933033,-2.745452559146286
-0.007972641316617372,0.20838280794755248,-0.5518581458924467,0.04057996190296764,0.6831596564459671,0.10225979216135665,0.8786059096589783,-0.5611291489381403,-0.633779169009332,0.4950817980133058
1.4799441388900259,-2.0417348684242906,2.5581992856682523,3.892127631373042,1.4381405928790818,1.9717956300349708,-7.205631494077364,-2.288805738396762,1.3264050641923715,-2.91165014221562
0.0773683076476183,-0.24717738252059693,-0.5642475986573886,0.7533759782817944,0.5342130603061204,-0.5767948538247537,2.355481620333892,0.808777841168389,-0.41486705068158786,0.1867274168463287
-0.8612842013282637,-0.6819842479977986,0.18455130319703697,1.2772185606584292,-1.081267947667974,-1.601353901458738,0.9914391604587074,2.3986852670116146,-1.1076785738011607,1.177600392448118
1.5231240772696573,-1.0016200098949155,1.5421099525678756,2.152823464587083,1.8334574682815488,2.228259390690418,-5.28642213999933,-3.412302949683112,1.8387500748228194,-2.2002937794992725
0.5389100436846587,-0.2811002928859549,2.006092888159123,0.4407533968759329,1.0831697515875676,-0.11076449431061641,-3.721139654865891,0.4709636872296974,-0.25935545396402304,-2.242477871837101
-1.0372461543264564,1.7976865268495226,2.061503576636398,-3.3444380301531966,-1.3293795464334568,-1.585385844868552,-2.6804294585963637,0.46020911243370866,-1.2477943497121649,-2.1420233457048
-0.1903386780836082,0.6408428612670098,1.2083662305931424,-1.1165791762001502,-0.03320242402681567,-0.30307512916478385,-2.7512978578794947,-0.002472738974216848,-0.5148425914811492,-1.698367224656335
-0.8756182533847572,-0.5711789897827968,1.0240625258114624,0.5500780365717385,-0.490402075011973,-0.8085751960037415,-1.0724875191280228,0.840956383205321,-1.3741217964507997,-0.3390406519225631
-1.382799730964336,0.5725827813561586,0.5925269492011831,-1.2623858048951906,-1.910229803800036,-1.940482183683436,0.7777470382704446,2.736742191769776,-1.0770366718598077,0.5502451097711868
0.9261775475316414,1.3993554365860021,0.7783610761666377,-2.3324028227481555,0.6137574642887722,1.4817618386166278,-2.8063763622094484,-2.0715472580721714,0.755190995968601,-3.3192216411950515
1.9094166404701305,0.9246336829127688,-0.5511857163285334,-1.8896152398302801,1.627204990802864,3.9450186150711244,-3.3218953463772287,-5.9403353588214225,2.65818799471895,-0.9729012582848293
-1.3985675738191412,0.05963036992017413,-0.8181988834223072,-0.2502916724718083,-2.10473423444214,-3.2110127913377453,5.610862140710968,3.6431387470796697,-2.4013418325600853,2.9401506948223113
0.5629692366905709,-0.6469367777055739,-0.0033744574109520514,0.09808083907476972,2.2425100395630575,1.2906660431443795,-1.7946454388622972,-1.5631577360470659,0.5098161769057201,-1.1826455236931763
-0.6506425691218269,0.6982233136135899,-0.17018462252492844,-1.0210758347378102,-0.2583233134339715,-1.1199829597586173,2.350690850659476,1.3364173454456816,-0.9838469820398735,0.25463941005516877
-0.48712538376469605,0.3934853854217496,-0.4532280493272752,-0.6349280274073976,-1.3168499231001811,-0.7570687073233416,0.7951269646722213,0.644471088031974,-0.41528553556214337,0.8754626671120613
-0.5923939242388692,0.8951932200277323,0.6963874474567153,-1.8543993665837868,-1.4992341649840712,-0.04579146989524152,-1.1844483414483629,-0.31331818797866956,0.040288479380254094,-0.3980069471852262
-0.863990769679816,0.6351718016819695,0.9553052085705107,-0.6962633512463711,-0.8877843527779331,-1.9266627465551471,0.3897353125497218,2.790625577743565,-2.0739437279279445,-1.0308690525737203
0.04852162794482699,1.0495527153193351,0.08840688629184736,-1.2263809141689967,0.1856906141556946,-0.2226836545665104,-0.316091388075313,-0.05818752019820067,-0.46049274912451765,0.4352874941015811
-0.8309501164110378,-0.535235211560568,1.4775300810552618,0.06069548699990257,-0.6512894386867292,-1.9522895105913636,-0.6297683292763805,2.485580527592776,-1.1912484746436633,-1.0793354209363473
0.2704568257798388,1.3173940656343257,-1.141689114133505,-2.5091274587742176,0.014415170648619913,1.4850298808188147,1.2644474089921827,-1.0147139208968465,1.625614059148774,-0.09666126271685915
-0.05023810944913695,0.19759960469239965,-0.19365945927971812,-0.7037205832426954,-0.15076253707044263,-0.7744949118119159,0.13073605111870945,0.23983102522300304,0.3822213406729428,0.037734795946419764
-0.23894804686640975,2.0752608726252655,-0.7168223206028049,-3.8217714122353295,-0.41311347258877135,-1.0640808011422163,2.816649821898032,0.17815971989939583,-0.09983083688106786,0.7526288548057842
-0.9075636620415979,-0.6891878180895679,-1.86653661707306,1.527866593096834,-0.9535505908478492,-2.078090034747114,4.619200755460165,3.188686362327069,-0.8455291475056025,3.550447451903013
-0.5767713305683327,1.7359638031652493,-0.08268068584269925,-2.9007234391389254,-2.0460899021185517,-0.09248984527328014,-0.29782087547459524,-0.4263726330251857,-0.7972036949167526,-0.1549496655577856
0.755391225825756,0.1979107834626478,-0.12174750838328353,-0.4519094237366138,0.7669060037869306,2.002221043802224,-1.0767586116609955,-2.781207192434895,2.0170821609734593,-0.3486844581163343
0.5009171876243808,-0.6514180036144483,1.513449743242131,0.050194760887968926,0.2681810038767939,0.40694634189938006,-3.652278427080946,-0.9133898204221699,0.031794279827045566,-1.3131552825297739
-0.977555244798551,-0.48388583405432156,0.6308116845547775,1.0992484209517215,-1.0217817588178026,-2.1049185484616704,0.3865864428471679,2.6711536945613887,-2.0539968716859427,0.961603981981981
0.09933230542922587,-0.32034730819432017,-1.024186824329205,-0.10222606782240207,1.6568853569681807,0.6324352076840538,1.223072225989046,-0.026074698209680336,0.7252423862738762,0.5893160957985075
0.751387123371789,0.4241659464019164,1.8540925663341883,-0.655117600124242,1.0291757353570405,0.5443684068239962,-3.1158725612431737,-0.34976004147946155,0.6918853602683206,-1.7000443692865497
-1.6694052811213718,0.5228354880354996,1.221033695525353,-0.7057597622315239,-2.2394433419560595,-2.935560765023995,-0.27244827690877393,4.177993960156779,-2.294689606784362,1.7276867024356246
0.543360192379935,-0.573700003938579,0.5820977034686158,1.6069304270656406,1.1950439592792934,0.837299398477967,-2.5298352993323885,-1.676666865632037,0.07860838457209579,-1.7705212325735742
-0.6626237589458467,-0.02435459226098284,-0.22648409884983192,-0.6150743227354365,-0.5529823303020763,-0.9497568322174476,2.162275541084754,0.6091144843177183,-0.27261435146028146,1.5265406965940933
0.5705986685931593,2.1422703586118637,-0.9594392367234797,-4.969805092375739,0.5982504792042485,1.5457136844899,1.1693737796322448,-3.773049016170738,1.1031960921579795,-0.8645875366721795
-0.7632591565425169,1.7275431701007113,-0.372206776071053,-2.698285165003075,-0.8563499846289895,-0.6822344138331662,1.335493155506462,0.2855220695930697,-0.3715224862813239,0.43887252263056276
-1.804882100664519,0.4363236696740321,1.088748619704186,0.19553534983225174,-1.205441400227315,-4.255907885178644,1.7401388789475631,5.997333521753328,-3.6711234049174704,-0.30580524603884196
-1.6275424378831627,0.03800347816820029,1.884586305934609,0.558092549765188,-2.5301166729557716,-3.1772123741206566,0.6619061302874889,4.4079878776601635,-2.7876957273801697,0.27975818974700517
0.048084946661381994,0.1200313267182613,1.543243528272189,-0.08903670705069999,0.27796683587754684,0.35598184201349786,-2.6293952915025267,-0.5775660578118011,0.47928844730510456,-2.4119439881501576
0.25972250172148187,0.6135179727304166,-0.4888494217862741,-1.2367304902027683,-0.23606748354633977,0.19389968980212013,1.1209068892551137,-0.3500825541988613,-0.2639735865477223,0.7360496247744003
-0.9043166251044086,-1.0227925651984056,-1.1196174332890112,2.0555061114422104,-0.6683117740539666,-1.9414443411639635,3.8381899284670844,2.31329280632224,-0.3899453966321227,3.07871478659472
0.6385924587773739,-0.2573765374233451,0.14088624691120394,-0.07107606559219465,0.34533846666375895,1.2507068113639435,-1.6092877011907416,-1.520483792395426,0.03612207330575534,-1.581349829268738
-1.6615200622689599,-1.6685840738775894,-1.7684393655628516,2.9331621099110334,-1.9762837170490462,-3.714147082230754,7.314647555473927,5.396215511163038,-2.9077387568785387,4.937176032337684
-0.06607979864731657,0.39922312260527926,0.32316771418478146,-0.3920628873816191,-0.2827675759347518,0.11757570671824967,-0.610896707151591,-0.9879644178108851,0.23742177998369032,0.008078538009983705
-1.2110161997624567,0.647195939702741,-0.14760258629866868,-0.5152017995893209,-1.0602642598084013,-2.370259027224377,3.4938885145162355,3.179061909160669,-1.4664642315260146,1.0429871679779816
-0.6518361078021592,-0.483186462299374,-0.46603650186824225,2.160239847730086,-0.25812957116938184,-1.4294342982780743,2.8618878188420034,2.4691267898859928,-1.0505750639415095,1.732806618420418
0.047398671316414016,1.5739867632900328,-1.5947030672667954,-2.3459881156144826,-0.7852827575948675,0.9741534475262734,1.5165458794810251,-1.6347855074596978,0.9296948271598781,1.335145043234359
-0.8604133652839524,-1.2257656630023412,0.5136001065697166,1.7252913083058428,-0.8374427479341461,-1.8907681999161623,1.6695341428230268,2.919006865550731,-1.286769396808379,1.2663275513776058
-0.38455554422982535,-1.4643748802098202,-0.5327008396619114,2.3523713033437024,-0.6135487390537882,-1.5144547990494397,2.8423779850087505,3.5339013293796757,-1.1905111923802691,2.182647343106743
1.0062928092144405,0.22445181855997204,-1.169916835710288,-1.2470572257386208,0.5509088267424709,1.9653150995509052,0.5904605666954565,-2.6831789673786393,2.433065387430239,-0.3127157332534498
-0.5768918695231487,1.0470983026121545,-2.8722622132816493,-2.038558348474075,-0.9490336274314884,-0.2675979548313868,6.601194754739255,0.3975385933251481,0.7164365412615838,2.7198483776864824
0.8356921120651418,1.6839276914578687,-0.027514905050636255,-2.924406409214472,0.6170178886621496,1.0712933369350282,-1.5812031650928209,-1.9631295649064744,1.2310973626018427,-1.1534816689867422
-1.129706854657618,-0.45888426286894,1.772251596669744,0.479114373810676,-0.08268855628678451,-1.5779419287652914,-1.8997653592060133,2.1658441940584074,-1.9910574681164783,-1.2173301401333614
0.5298041779152828,1.0786808334312956,1.66125921454787,-1.6660342972654958,0.7038848923491049,1.16498015186936,-4.760676754790387,-1.395486088323616,0.5817960327683629,-3.064723837355795
1.4415686206579004,-0.03850846950070721,-0.45709625658627184,-0.34901371191868114,1.0520431397978935,2.733587860039095,-2.736378479878495,-3.4633641067353733,1.9811507337105647,-1.0258268628454845
-2.4716445001272893,-0.17262729994081963,-0.6022120603617805,0.8393311780905168,-3.233889115944999,-3.8122967487788033,5.2700747032717095,4.481192748087813,-3.359233519558045,3.4407167889563564
-0.7968952554704768,0.8836599374866724,0.46877425607502377,-1.4271237470166995,-0.571901235650897,-1.7584584699812984,2.1863405206421804,2.276072406626439,-1.156988989262447,0.4086433822439841
0.57707212718054,0.6523228784134196,-0.9983854391882915,-1.0582375957378825,1.6479855435352577,0.9028632754682782,0.11618601821536079,-0.5121659589691567,0.5165365511776374,-0.5010591261187591
-0.2030453860429927,-1.5763921569842494,0.30179189981946597,2.382133768832715,-0.8176128211108813,-1.0879382716427441,0.5771444758463324,1.8013102961972163,-0.5614163797337419,0.5833471902211207
0.37114587337130883,1.4765403497258958,0.7660802783846903,-2.3072119543810525,-0.6990435043603724,0.8102567196309198,-2.0397756897865027,-0.7314771542684204,-0.0013884897296019272,-0.8487432214687611
-0.6039851867158206,1.3800913541474515,1.2269332238843076,-1.8164803226058497,0.015905621682803628,0.31882711198522273,-2.7928886875318577,-0.6603423201060141,0.9107026067005033,-2.2010469353451145
0.08658978747289992,-0.6255627015095294,-0.10015407647995278,0.5768011141963922,0.3862835751722801,-0.5088827776318807,0.721116704342654,1.074293115253007,-0.8280480835584789,0.3851941657061345
-0.15567723539207948,0.39580353343740904,-0.20367375017696587,-0.9683331242402078,-0.6767570954874008,-0.4042699039576185,0.18082630874528138,0.5935627562529251,-0.2234229173907971,1.373522018769798
1.1677820616598074,0.4940301862827388,-0.877982586756561,-0.9497868862713095,1.6042985235472562,2.339711306460845,-0.6065377395394136,-3.569565657789977,2.35870748812608,-0.9741543457214317
0.2544208433012131,0.2606737658239071,-0.82688035403986,-1.093957954490702,-1.0479305615786272,-0.05664692157421514,1.3471449547477439,0.15458512089771093,-0.22650888531897875,1.5910050136768872
0.3376026620752022,-0.5503051538454201,-0.22647889190152676,0.47918643257176524,0.48486034830948266,0.1911030418164837,-0.8155729511269669,-0.7088977432823128,0.5254196736626702,-0.5285677938984207
-0.4118769661224674,-0.6716233679380516,0.3673655068161781,0.8466498330900298,-0.23828630580231266,-0.8155233697064301,0.7279432221391623,0.7987725352741062,-1.2575124011052954,0.10514603267209516
-0.48760622407249354,-0.025554070991445278,0.9135846262332494,0.4784677834405551,-0.1213230548303657,-1.033453305729486,-0.23177203418597953,1.465536508681349,-0.1807777305785787,-0.30797774891887125
-0.4325581878196209,1.1727290192593647,-0.8031789506803448,-1.7628312859405024,-1.1912307407510059,-0.37102023320459654,1.9595244394792468,0.502931297861708,-0.1554757889933694,0.38018715008004556
0.39445214237829684,0.5436001545944323,1.4926885689595217,-0.781190949132849,0.44191535910100005,0.6313021538314676,-3.4716020849297715,-1.4668731668495019,-0.03258692111179334,-2.320329781055958
-0.42098448082026296,-0.37061433208610595,-0.2711236010425688,1.024039980266826,-0.9178481894554935,-1.6354947072849284,2.8385412461322668,2.7154844490981214,-1.3289175913905136,1.6095911922797932
0.2897748568964129,0.7716987106483447,-0.021367294348436157,-1.3150810340610997,0.3689368071898299,0.9575539182482735,-0.8748927268727691,-1.0463046107615122,1.157740759279235,-0.7427023523720176
2.075400798645439,-2.8485426206300755,-0.7472116791478234,4.796004240506937,2.448088220760922,3.467350595146083,-1.6605479233096905,-4.495675365158198,2.555740284143019,0.2504500929475019
0.8711247034316923,1.1487657003721035,-2.4242402602729416,-1.907018908158208,0.6844919551676397,1.9686405669866192,2.5428408303526533,-3.4511262312651425,1.5204572777394332,1.1597308225123788
-0.32602353216784113,-1.7397137787780996,0.8840453963610497,2.942548249373522,-0.647805746721261,-1.1080766212291377,0.10918053273820871,1.5705208663911603,-1.0545414312551642,1.2897634936820206
1.2012139221639448,-0.36244094140313216,0.7368438970924334,0.2940105670411522,1.8222319069484976,2.323974529183433,-3.716741094858316,-3.2081012757943386,1.112570837381059,-2.873531366317405
-0.4080753730215514,-1.1196698946261439,-0.2813275571182134,0.5890058909840397,0.09408376435358051,-1.7689502536681574,2.5693867547800937,2.3866897487052117,-0.40525004785823315,1.2970531809834902
-2.038124535177854,-1.2946814757209058,0.06699071722487192,2.0239416618071795,-2.3904381839087923,-3.214788290238134,2.538641105985935,4.121008269266726,-2.8439933499330863,2.840456861668362
-1.008086310917404,1.1608267873785194,0.5159392177040995,-1.1635142090004567,-1.3563733957670472,-1.2397268376724597,0.37210069897920617,0.5169629368610935,-0.6201478544135276,-0.6916390119780874
-1.8707919210258557,-0.46770120131189136,-1.5625458568865427,1.2185067916968595,-2.91129379556648,-2.6481187209912385,5.353517430336226,3.3180114670975973,-1.7443291150348226,4.817896348475481
-0.35151348404130867,0.3465038817307158,-0.5290526773462948,-0.07695070142245347,-0.6213386127120719,-0.8557593205963188,1.6282464705252366,0.9486386249620351,-1.0979283068312709,2.141764742789751
0.0184183791895517,-0.04692057887918407,0.7942646796218271,0.6938482806715832,0.0036141915208016823,0.923962496028505,-2.9997149924537108,-0.8288827297613752,0.5518651214414938,-1.0094947409416841
1.6764373122752827,0.47704082722312147,-1.2542894231692494,-0.7261550220532278,3.2621117689482713,3.5133042473203657,-1.7555541601082312,-4.945326939214274,3.2718887452702043,-1.5843965009960672
0.32692737376416264,0.07682189106025536,0.2935579321666293,-0.02541962670664767,-0.17311326212705774,0.8800470653514836,-0.4523523965485414,-0.30082149660853186,0.6262460842212249,-0.26286212211563176
-0.21910052880886424,-1.2829922241885696,-1.356581804623405,1.763375613129158,0.6472253899585473,-0.7457108788172985,4.136505675761553,0.13440955755881612,0.2856539740952899,1.327085527043922
0.8294055811834892,0.99626681944714,0.46642998243352635,-1.7671386652335905,1.3580121604642053,1.7050616714307434,-1.7457730924893284,-1.6758417810480175,1.8370876319551657,-3.0341200205147016
-2.211135309007885,-0.4937565831613125,-0.03564148229748357,1.105367541662201,-2.452780668129165,-3.4720115452414566,3.027191399285933,4.457675505500643,-2.283456807369716,2.2923332522674396
